x	xend	y	yend	showSelected
0.478581627796287	0.954545454545455	0.450893981364896	0.450893981364896	0
0.478581627796287	0.478581627796287	0.450893981364896	0.954545454545455	0
0.478581627796287	0.478581627796287	0.450893981364896	0.450893981364896	0
0.478581627796287	0.478581627796287	0.450893981364896	0.450893981364896	0
0.478581627796287	0.954069490718706	0.450893981364896	0.450893981364896	0.0666666666666667
0.478581627796287	0.478581627796287	0.450893981364896	0.954041803072274	0.0666666666666667
0.478581627796287	0.471918134221799	0.450893981364896	0.429236968018131	0.0666666666666667
0.478581627796287	0.464778676820562	0.450893981364896	0.466507177033493	0.0666666666666667
0.478581627796287	0.953593526891956	0.450893981364896	0.451397632838076	0.133333333333333
0.478581627796287	0.479057591623037	0.450893981364896	0.951523545706371	0.133333333333333
0.478581627796287	0.464778676820562	0.450893981364896	0.407579954671367	0.133333333333333
0.478581627796287	0.450975725844836	0.450893981364896	0.48212037270209	0.133333333333333
0.478581627796287	0.952165635411709	0.450893981364896	0.451397632838076	0.2
0.478581627796287	0.479057591623037	0.450893981364896	0.947997985394107	0.2
0.478581627796287	0.458115183246073	0.450893981364896	0.386426592797784	0.2
0.478581627796287	0.43717277486911	0.450893981364896	0.497733568370687	0.2
0.478581627796287	0.950737743931461	0.450893981364896	0.451901284311257	0.266666666666667
0.478581627796287	0.479533555449786	0.450893981364896	0.943465122135482	0.266666666666667
0.478581627796287	0.450975725844836	0.450893981364896	0.3652732309242	0.266666666666667
0.478581627796287	0.423845787720133	0.450893981364896	0.513346764039285	0.266666666666667
0.478581627796287	0.948357924797715	0.450893981364896	0.452908587257618	0.333333333333333
0.478581627796287	0.480485483103284	0.450893981364896	0.936917652984135	0.333333333333333
0.478581627796287	0.444312232270347	0.450893981364896	0.344119869050617	0.333333333333333
0.478581627796287	0.410042836744407	0.450893981364896	0.528456308234702	0.333333333333333
0.478581627796287	0.94550214183722	0.450893981364896	0.453412238730798	0.4
0.478581627796287	0.480961446930033	0.450893981364896	0.929362880886427	0.4
0.478581627796287	0.437648738695859	0.450893981364896	0.323470158650214	0.4
0.478581627796287	0.396715849595431	0.450893981364896	0.543565852430118	0.4
0.478581627796287	0.942646358876725	0.450893981364896	0.454419541677159	0.466666666666667
0.478581627796287	0.481913374583532	0.450893981364896	0.920297154369177	0.466666666666667
0.478581627796287	0.430509281294622	0.450893981364896	0.302820448249811	0.466666666666667
0.478581627796287	0.383388862446454	0.450893981364896	0.558171745152355	0.466666666666667
0.478581627796287	0.938838648262732	0.450893981364896	0.455426844623521	0.533333333333333
0.478581627796287	0.48286530223703	0.450893981364896	0.909720473432385	0.533333333333333
0.478581627796287	0.423845787720133	0.450893981364896	0.283178040795769	0.533333333333333
0.478581627796287	0.370061875297477	0.450893981364896	0.572777637874591	0.533333333333333
0.478581627796287	0.93455497382199	0.450893981364896	0.456434147569882	0.6
0.478581627796287	0.483817229890528	0.450893981364896	0.898136489549232	0.6
0.478581627796287	0.417182294145645	0.450893981364896	0.263535633341728	0.6
0.478581627796287	0.356734888148501	0.450893981364896	0.586376227650466	0.6
0.478581627796287	0.929795335554498	0.450893981364896	0.457945101989423	0.666666666666667
0.478581627796287	0.485245121370776	0.450893981364896	0.885041551246537	0.666666666666667
0.478581627796287	0.410518800571157	0.450893981364896	0.244396877360866	0.666666666666667
0.478581627796287	0.343883864826273	0.450893981364896	0.599974817426341	0.666666666666667
0.478581627796287	0.925035697287006	0.450893981364896	0.459456056408965	0.733333333333333
0.478581627796287	0.486673012851023	0.450893981364896	0.870939309997482	0.733333333333333
0.478581627796287	0.403379343169919	0.450893981364896	0.225761772853186	0.733333333333333
0.478581627796287	0.331032841504046	0.450893981364896	0.613069755729036	0.733333333333333
0.478581627796287	0.919324131366016	0.450893981364896	0.460967010828507	0.8
0.478581627796287	0.488100904331271	0.450893981364896	0.855829765802065	0.8
0.478581627796287	0.396715849595431	0.450893981364896	0.208133971291866	0.8
0.478581627796287	0.318657782008567	0.450893981364896	0.62616469403173	0.8
0.478581627796287	0.913136601618277	0.450893981364896	0.462477965248048	0.866666666666667
0.478581627796287	0.489528795811518	0.450893981364896	0.839209267187107	0.866666666666667
0.478581627796287	0.390052356020942	0.450893981364896	0.191009821203727	0.866666666666667
0.478581627796287	0.306282722513089	0.450893981364896	0.638252329388064	0.866666666666667
0.478581627796287	0.906949071870538	0.450893981364896	0.46398891966759	0.933333333333333
0.478581627796287	0.490956687291766	0.450893981364896	0.822085117098967	0.933333333333333
0.478581627796287	0.383388862446454	0.450893981364896	0.174389322588769	0.933333333333333
0.478581627796287	0.293907663017611	0.450893981364896	0.649332661798036	0.933333333333333
0.478581627796287	0.8998096144693	0.450893981364896	0.466003525560312	1
0.478581627796287	0.492860542598763	0.450893981364896	0.803450012591287	1
0.478581627796287	0.376725368871966	0.450893981364896	0.158776126920171	1
0.478581627796287	0.282484531175631	0.450893981364896	0.660412994208008	1
0.478581627796287	0.892194193241314	0.450893981364896	0.468018131453035	1.06666666666667
0.478581627796287	0.494764397905759	0.450893981364896	0.783807605137245	1.06666666666667
0.478581627796287	0.370061875297477	0.450893981364896	0.143666582724755	1.06666666666667
0.478581627796287	0.270585435506902	0.450893981364896	0.670486023671619	1.06666666666667
0.478581627796287	0.884578772013327	0.450893981364896	0.470032737345757	1.13333333333333
0.478581627796287	0.496668253212756	0.450893981364896	0.763157894736842	1.13333333333333
0.478581627796287	0.363398381722989	0.450893981364896	0.129564341475699	1.13333333333333
0.478581627796287	0.259162303664921	0.450893981364896	0.68005540166205	1.13333333333333
0.478581627796287	0.876487386958591	0.450893981364896	0.472047343238479	1.2
0.478581627796287	0.498572108519753	0.450893981364896	0.742004532863259	1.2
0.478581627796287	0.356734888148501	0.450893981364896	0.116469403173004	1.2
0.478581627796287	0.248215135649691	0.450893981364896	0.6891211281793	1.2
0.478581627796287	0.867920038077106	0.450893981364896	0.474061949131201	1.26666666666667
0.478581627796287	0.500475963826749	0.450893981364896	0.719843868043314	1.26666666666667
0.478581627796287	0.350071394574012	0.450893981364896	0.104381767816671	1.26666666666667
0.478581627796287	0.237743931461209	0.450893981364896	0.697179551750189	1.26666666666667
0.478581627796287	0.858876725368872	0.450893981364896	0.476076555023923	1.33333333333333
0.478581627796287	0.502379819133746	0.450893981364896	0.696675900277008	1.33333333333333
0.478581627796287	0.343883864826273	0.450893981364896	0.0927977839335181	1.33333333333333
0.478581627796287	0.227272727272727	0.450893981364896	0.704230672374717	1.33333333333333
0.478581627796287	0.849357448833889	0.450893981364896	0.478594812389826	1.4
0.478581627796287	0.504759638267492	0.450893981364896	0.673004281037522	1.4
0.478581627796287	0.337220371251785	0.450893981364896	0.0822211029967263	1.4
0.478581627796287	0.216801523084246	0.450893981364896	0.710778141526064	1.4
0.478581627796287	0.839362208472156	0.450893981364896	0.480609418282548	1.46666666666667
0.478581627796287	0.506663493574488	0.450893981364896	0.648829010324855	1.46666666666667
0.478581627796287	0.331032841504046	0.450893981364896	0.0726517250062957	1.46666666666667
0.478581627796287	0.207282246549262	0.450893981364896	0.716821959204231	1.46666666666667
0.478581627796287	0.829366968110424	0.450893981364896	0.483127675648451	1.53333333333333
0.478581627796287	0.509043312708234	0.450893981364896	0.624150088139008	1.53333333333333
0.478581627796287	0.324369347929557	0.450893981364896	0.0645933014354067	1.53333333333333
0.478581627796287	0.197762970014279	0.450893981364896	0.721858473936036	1.53333333333333
0.478581627796287	0.818895763921942	0.450893981364896	0.485142281541174	1.6
0.478581627796287	0.510947168015231	0.450893981364896	0.59896751447998	1.6
0.478581627796287	0.318181818181818	0.450893981364896	0.0570385293376983	1.6
0.478581627796287	0.188719657306045	0.450893981364896	0.725887685721481	1.6
0.478581627796287	0.807948595906711	0.450893981364896	0.487660538907076	1.66666666666667
0.478581627796287	0.513326987148977	0.450893981364896	0.573281289347771	1.66666666666667
0.478581627796287	0.311994288434079	0.450893981364896	0.0509947116595316	1.66666666666667
0.478581627796287	0.18015230842456	0.450893981364896	0.728909594560564	1.66666666666667
0.478581627796287	0.79700142789148	0.450893981364896	0.489675144799799	1.73333333333333
0.478581627796287	0.515230842455973	0.450893981364896	0.547091412742382	1.73333333333333
0.478581627796287	0.30580675868634	0.450893981364896	0.0454545454545455	1.73333333333333
0.478581627796287	0.172060923369824	0.450893981364896	0.731427851926467	1.73333333333333
0.478581627796287	0.79700142789148	0.450893981364896	0.489675144799799	1.8
0.478581627796287	0.515230842455973	0.450893981364896	0.547091412742382	1.8
0.478581627796287	0.30580675868634	0.450893981364896	0.0454545454545455	1.8
0.478581627796287	0.172060923369824	0.450893981364896	0.731427851926467	1.8
0.478581627796287	0.809376487386959	0.450893981364896	0.49974817426341	1.86666666666667
0.478581627796287	0.498572108519753	0.450893981364896	0.56270460841098	1.86666666666667
0.478581627796287	0.309614469300333	0.450893981364896	0.0555275749181567	1.86666666666667
0.478581627796287	0.181580199904807	0.450893981364896	0.737975321077814	1.86666666666667
0.478581627796287	0.821275583055688	0.450893981364896	0.509821203727021	1.93333333333333
0.478581627796287	0.481913374583532	0.450893981364896	0.578317804079577	1.93333333333333
0.478581627796287	0.313898143741076	0.450893981364896	0.0661042558549484	1.93333333333333
0.478581627796287	0.192051404093289	0.450893981364896	0.744019138755981	1.93333333333333
0.478581627796287	0.83174678724417	0.450893981364896	0.519894233190632	2
0.478581627796287	0.464778676820562	0.450893981364896	0.593427348274994	2
0.478581627796287	0.318181818181818	0.450893981364896	0.0776882397381013	2
0.478581627796287	0.20299857210852	0.450893981364896	0.749559304960967	2
0.478581627796287	0.841742027605902	0.450893981364896	0.529967262654243	2.06666666666667
0.478581627796287	0.448119942884341	0.450893981364896	0.60803324099723	2.06666666666667
0.478581627796287	0.323417420276059	0.450893981364896	0.0897758750944347	2.06666666666667
0.478581627796287	0.214897667777249	0.450893981364896	0.754595819692773	2.06666666666667
0.478581627796287	0.851261304140885	0.450893981364896	0.539536640644674	2.13333333333333
0.478581627796287	0.43146120894812	0.450893981364896	0.622639133719466	2.13333333333333
0.478581627796287	0.3286530223703	0.450893981364896	0.102367161923949	2.13333333333333
0.478581627796287	0.227748691099476	0.450893981364896	0.758625031478217	2.13333333333333
0.478581627796287	0.859352689195621	0.450893981364896	0.549609670108285	2.2
0.478581627796287	0.414802475011899	0.450893981364896	0.637245026441702	2.2
0.478581627796287	0.333888624464541	0.450893981364896	0.115965751699824	2.2
0.478581627796287	0.240599714421704	0.450893981364896	0.762654243263662	2.2
0.478581627796287	0.866968110423608	0.450893981364896	0.559179048098716	2.26666666666667
0.478581627796287	0.398619704902427	0.450893981364896	0.650843616217577	2.26666666666667
0.478581627796287	0.34007615421228	0.450893981364896	0.130067992948879	2.26666666666667
0.478581627796287	0.25440266539743	0.450893981364896	0.765676152102745	2.26666666666667
0.478581627796287	0.873155640171347	0.450893981364896	0.568244774615966	2.33333333333333
0.478581627796287	0.382436934792956	0.450893981364896	0.664442205993452	2.33333333333333
0.478581627796287	0.346263683960019	0.450893981364896	0.144673885671116	2.33333333333333
0.478581627796287	0.268681580199905	0.450893981364896	0.767690757995467	2.33333333333333
0.478581627796287	0.878867206092337	0.450893981364896	0.577814152606396	2.4
0.478581627796287	0.366730128510233	0.450893981364896	0.677537144296147	2.4
0.478581627796287	0.352451213707758	0.450893981364896	0.159783429866532	2.4
0.478581627796287	0.283912422655878	0.450893981364896	0.769705363888189	2.4
0.478581627796287	0.88315088053308	0.450893981364896	0.586879879123646	2.46666666666667
0.478581627796287	0.351023322227511	0.450893981364896	0.690128431125661	2.46666666666667
0.478581627796287	0.359114707282247	0.450893981364896	0.17539662553513	2.46666666666667
0.478581627796287	0.299143265111852	0.450893981364896	0.770712666834551	2.46666666666667
0.478581627796287	0.886958591147073	0.450893981364896	0.595441954167716	2.53333333333333
0.478581627796287	0.335792479771537	0.450893981364896	0.702216066481994	2.53333333333333
0.478581627796287	0.366254164683484	0.450893981364896	0.192017124150088	2.53333333333333
0.478581627796287	0.315326035221323	0.450893981364896	0.771216318307731	2.53333333333333
0.478581627796287	0.889814374107568	0.450893981364896	0.604004029211786	2.6
0.478581627796287	0.321037601142313	0.450893981364896	0.713800050365147	2.6
0.478581627796287	0.373393622084722	0.450893981364896	0.208637622765047	2.6
0.478581627796287	0.331508805330795	0.450893981364896	0.770712666834551	2.6
0.478581627796287	0.891242265587815	0.450893981364896	0.612566104255855	2.66666666666667
0.478581627796287	0.306282722513089	0.450893981364896	0.72488038277512	2.66666666666667
0.478581627796287	0.380533079485959	0.450893981364896	0.225761772853186	2.66666666666667
0.478581627796287	0.348167539267016	0.450893981364896	0.77020901536137	2.66666666666667
0.478581627796287	0.892194193241314	0.450893981364896	0.620624527826744	2.73333333333333
0.478581627796287	0.292479771537363	0.450893981364896	0.735457063711911	2.73333333333333
0.478581627796287	0.388148500713946	0.450893981364896	0.243389574414505	2.73333333333333
0.478581627796287	0.365302237029986	0.450893981364896	0.768698060941828	2.73333333333333
0.478581627796287	0.891718229414564	0.450893981364896	0.628682951397633	2.8
0.478581627796287	0.278676820561637	0.450893981364896	0.745026441702342	2.8
0.478581627796287	0.396239885768682	0.450893981364896	0.261521027449005	2.8
0.478581627796287	0.382912898619705	0.450893981364896	0.766683455049106	2.8
0.478581627796287	0.890290337934317	0.450893981364896	0.636237723495341	2.86666666666667
0.478581627796287	0.26582579723941	0.450893981364896	0.754595819692773	2.86666666666667
0.478581627796287	0.404331270823417	0.450893981364896	0.279652480483505	2.86666666666667
0.478581627796287	0.400523560209424	0.450893981364896	0.763661546210023	2.86666666666667
0.478581627796287	0.88838648262732	0.450893981364896	0.643288844119869	2.93333333333333
0.478581627796287	0.253450737743932	0.450893981364896	0.763157894736842	2.93333333333333
0.478581627796287	0.412422655878153	0.450893981364896	0.298287584991186	2.93333333333333
0.478581627796287	0.418134221799143	0.450893981364896	0.760135985897759	2.93333333333333
0.478581627796287	0.885054735840076	0.450893981364896	0.650339964744397	3
0.478581627796287	0.241551642075202	0.450893981364896	0.771216318307731	3
0.478581627796287	0.420514040932889	0.450893981364896	0.317426340972047	3
0.478581627796287	0.436220847215612	0.450893981364896	0.756610425585495	3
0.478581627796287	0.880771061399334	0.450893981364896	0.656887433895744	3.06666666666667
0.478581627796287	0.230128510233222	0.450893981364896	0.778771090405439	3.06666666666667
0.478581627796287	0.429081389814374	0.450893981364896	0.336565096952909	3.06666666666667
0.478581627796287	0.454783436458829	0.450893981364896	0.75207756232687	3.06666666666667
0.478581627796287	0.876011423131842	0.450893981364896	0.663434903047091	3.13333333333333
0.478581627796287	0.219657306044741	0.450893981364896	0.785318559556787	3.13333333333333
0.478581627796287	0.437648738695859	0.450893981364896	0.35620750440695	3.13333333333333
0.478581627796287	0.472870061875298	0.450893981364896	0.746537396121884	3.13333333333333
0.478581627796287	0.869823893384103	0.450893981364896	0.669478720725258	3.2
0.478581627796287	0.209662065683008	0.450893981364896	0.791866028708134	3.2
0.478581627796287	0.446216087577344	0.450893981364896	0.375849911860992	3.2
0.478581627796287	0.491432651118515	0.450893981364896	0.740997229916897	3.2
0.478581627796287	0.862684435982865	0.450893981364896	0.675018886930244	3.26666666666667
0.478581627796287	0.200618752974774	0.450893981364896	0.79690254343994	3.26666666666667
0.478581627796287	0.454783436458829	0.450893981364896	0.395492319315034	3.26666666666667
0.478581627796287	0.509519276534983	0.450893981364896	0.734953412238731	3.26666666666667
0.478581627796287	0.855069014754879	0.450893981364896	0.68005540166205	3.33333333333333
0.478581627796287	0.192051404093289	0.450893981364896	0.801939058171745	3.33333333333333
0.478581627796287	0.463350785340314	0.450893981364896	0.415134726769076	3.33333333333333
0.478581627796287	0.528081865778201	0.450893981364896	0.727902291614203	3.33333333333333
0.478581627796287	0.846501665873394	0.450893981364896	0.685091916393856	3.4
0.478581627796287	0.184435982865302	0.450893981364896	0.805464618484009	3.4
0.478581627796287	0.472394098048548	0.450893981364896	0.435280785696298	3.4
0.478581627796287	0.546168491194669	0.450893981364896	0.720851170989675	3.4
0.478581627796287	0.83698238933841	0.450893981364896	0.68962477965248	3.46666666666667
0.478581627796287	0.177296525464065	0.450893981364896	0.808990178796273	3.46666666666667
0.478581627796287	0.480961446930033	0.450893981364896	0.455426844623521	3.46666666666667
0.478581627796287	0.564255116611138	0.450893981364896	0.712792747418786	3.46666666666667
0.478581627796287	0.826511185149929	0.450893981364896	0.693150339964745	3.53333333333333
0.478581627796287	0.171108995716326	0.450893981364896	0.811508436162176	3.53333333333333
0.478581627796287	0.489528795811518	0.450893981364896	0.475069252077562	3.53333333333333
0.478581627796287	0.582341742027606	0.450893981364896	0.704734323847897	3.53333333333333
0.478581627796287	0.815088053307949	0.450893981364896	0.697179551750189	3.6
0.478581627796287	0.165397429795336	0.450893981364896	0.813019390581718	3.6
0.478581627796287	0.498572108519753	0.450893981364896	0.495215311004785	3.6
0.478581627796287	0.599952403617325	0.450893981364896	0.695668597330647	3.6
0.478581627796287	0.803188957639219	0.450893981364896	0.700201460589272	3.66666666666667
0.478581627796287	0.160637791527844	0.450893981364896	0.814026693528079	3.66666666666667
0.478581627796287	0.507139457401238	0.450893981364896	0.514857718458827	3.66666666666667
0.478581627796287	0.617563065207044	0.450893981364896	0.686602870813397	3.66666666666667
0.478581627796287	0.790337934316992	0.450893981364896	0.702719717955175	3.73333333333333
0.478581627796287	0.156830080913851	0.450893981364896	0.814530345001259	3.73333333333333
0.478581627796287	0.515706806282723	0.450893981364896	0.534500125912868	3.73333333333333
0.478581627796287	0.634697762970014	0.450893981364896	0.676529841349786	3.73333333333333
0.478581627796287	0.790337934316992	0.450893981364896	0.702719717955175	3.8
0.478581627796287	0.156830080913851	0.450893981364896	0.814530345001259	3.8
0.478581627796287	0.515706806282723	0.450893981364896	0.534500125912868	3.8
0.478581627796287	0.634697762970014	0.450893981364896	0.676529841349786	3.8
0.478581627796287	0.798905283198477	0.450893981364896	0.71581465625787	3.86666666666667
0.478581627796287	0.158733936220847	0.450893981364896	0.817048602367162	3.86666666666667
0.478581627796287	0.518562589243218	0.450893981364896	0.54507680684966	3.86666666666667
0.478581627796287	0.61994288434079	0.450893981364896	0.652354570637119	3.86666666666667
0.478581627796287	0.806520704426464	0.450893981364896	0.727398640141023	3.93333333333333
0.478581627796287	0.160161827701095	0.450893981364896	0.819063208259884	3.93333333333333
0.478581627796287	0.520942408376963	0.450893981364896	0.554646184840091	3.93333333333333
0.478581627796287	0.604712041884817	0.450893981364896	0.626668345504911	3.93333333333333
0.478581627796287	0.813184198000952	0.450893981364896	0.736968018131453	4
0.478581627796287	0.161589719181342	0.450893981364896	0.820574162679426	4
0.478581627796287	0.523322227510709	0.450893981364896	0.564215562830521	4
0.478581627796287	0.589005235602094	0.450893981364896	0.599974817426341	4
0.478581627796287	0.818895763921942	0.450893981364896	0.745026441702342	4.06666666666667
0.478581627796287	0.162541646834841	0.450893981364896	0.821581465625787	4.06666666666667
0.478581627796287	0.525702046644455	0.450893981364896	0.573281289347771	4.06666666666667
0.478581627796287	0.572822465492623	0.450893981364896	0.572777637874591	4.06666666666667
0.478581627796287	0.823179438362684	0.450893981364896	0.751070259380509	4.13333333333333
0.478581627796287	0.16301761066159	0.450893981364896	0.822085117098967	4.13333333333333
0.478581627796287	0.527129938124703	0.450893981364896	0.58133971291866	4.13333333333333
0.478581627796287	0.556163731556402	0.450893981364896	0.54507680684966	4.13333333333333
0.478581627796287	0.826511185149929	0.450893981364896	0.755099471165953	4.2
0.478581627796287	0.163493574488339	0.450893981364896	0.821581465625787	4.2
0.478581627796287	0.52855782960495	0.450893981364896	0.589398136489549	4.2
0.478581627796287	0.539029033793432	0.450893981364896	0.516368672878368	4.2
0.478581627796287	0.828891004283674	0.450893981364896	0.757617728531856	4.26666666666667
0.478581627796287	0.163493574488339	0.450893981364896	0.821077814152606	4.26666666666667
0.478581627796287	0.529509757258448	0.450893981364896	0.596449257114077	4.26666666666667
0.478581627796287	0.521894336030462	0.450893981364896	0.487660538907076	4.26666666666667
0.478581627796287	0.830318895763922	0.450893981364896	0.758625031478217	4.33333333333333
0.478581627796287	0.16301761066159	0.450893981364896	0.819566859733065	4.33333333333333
0.478581627796287	0.530461684911947	0.450893981364896	0.602996726265424	4.33333333333333
0.478581627796287	0.504759638267492	0.450893981364896	0.458952404935784	4.33333333333333
0.478581627796287	0.830794859590671	0.450893981364896	0.757114077058675	4.4
0.478581627796287	0.162541646834841	0.450893981364896	0.817552253840342	4.4
0.478581627796287	0.530937648738696	0.450893981364896	0.609040543943591	4.4
0.478581627796287	0.487148976677773	0.450893981364896	0.429740619491312	4.4
0.478581627796287	0.829842931937173	0.450893981364896	0.754092168219592	4.46666666666667
0.478581627796287	0.161589719181342	0.450893981364896	0.81503399647444	4.46666666666667
0.478581627796287	0.530461684911947	0.450893981364896	0.614077058675397	4.46666666666667
0.478581627796287	0.470014278914803	0.450893981364896	0.40103248552002	4.46666666666667
0.478581627796287	0.827939076630176	0.450893981364896	0.749055653487786	4.53333333333333
0.478581627796287	0.160161827701095	0.450893981364896	0.812012087635356	4.53333333333333
0.478581627796287	0.529985721085198	0.450893981364896	0.618609921934022	4.53333333333333
0.478581627796287	0.452879581151832	0.450893981364896	0.371820700075548	4.53333333333333
0.478581627796287	0.824607329842932	0.450893981364896	0.742508184336439	4.6
0.478581627796287	0.158733936220847	0.450893981364896	0.807982875849912	4.6
0.478581627796287	0.529509757258448	0.450893981364896	0.622639133719466	4.6
0.478581627796287	0.435744883388862	0.450893981364896	0.343616217577436	4.6
0.478581627796287	0.820799619228939	0.450893981364896	0.73394610929237	4.66666666666667
0.478581627796287	0.156830080913851	0.450893981364896	0.803953664064467	4.66666666666667
0.478581627796287	0.528081865778201	0.450893981364896	0.625661042558549	4.66666666666667
0.478581627796287	0.419086149452642	0.450893981364896	0.315411735079325	4.66666666666667
0.478581627796287	0.815564017134698	0.450893981364896	0.723369428355578	4.73333333333333
0.478581627796287	0.154926225606854	0.450893981364896	0.799420800805842	4.73333333333333
0.478581627796287	0.526178010471204	0.450893981364896	0.628179299924452	4.73333333333333
0.478581627796287	0.40290337934317	0.450893981364896	0.288214555527575	4.73333333333333
0.478581627796287	0.809852451213708	0.450893981364896	0.711785444472425	4.8
0.478581627796287	0.152546406473108	0.450893981364896	0.793880634600856	4.8
0.478581627796287	0.524274155164208	0.450893981364896	0.630193905817175	4.8
0.478581627796287	0.386720609233698	0.450893981364896	0.261521027449005	4.8
0.478581627796287	0.80271299381247	0.450893981364896	0.69818685469655	4.86666666666667
0.478581627796287	0.149690623512613	0.450893981364896	0.78834046839587	4.86666666666667
0.478581627796287	0.521894336030462	0.450893981364896	0.631201208763536	4.86666666666667
0.478581627796287	0.371489766777725	0.450893981364896	0.235834802316797	4.86666666666667
0.478581627796287	0.795097572584484	0.450893981364896	0.682573659027953	4.93333333333333
0.478581627796287	0.146834840552118	0.450893981364896	0.782296650717703	4.93333333333333
0.478581627796287	0.519038553069967	0.450893981364896	0.631201208763536	4.93333333333333
0.478581627796287	0.356734888148501	0.450893981364896	0.210652228657769	4.93333333333333
0.478581627796287	0.786054259876249	0.450893981364896	0.665953160412994	5
0.478581627796287	0.143979057591623	0.450893981364896	0.775749181566356	5
0.478581627796287	0.515706806282723	0.450893981364896	0.630697557290355	5
0.478581627796287	0.342455973346026	0.450893981364896	0.186980609418283	5
0.478581627796287	0.776534983341266	0.450893981364896	0.647821707378494	5.06666666666667
0.478581627796287	0.140647310804379	0.450893981364896	0.768698060941828	5.06666666666667
0.478581627796287	0.511899095668729	0.450893981364896	0.629690254343994	5.06666666666667
0.478581627796287	0.3286530223703	0.450893981364896	0.164819944598338	5.06666666666667
0.478581627796287	0.766063779152784	0.450893981364896	0.628179299924452	5.13333333333333
0.478581627796287	0.136839600190386	0.450893981364896	0.761646940317301	5.13333333333333
0.478581627796287	0.507615421227987	0.450893981364896	0.627675648451272	5.13333333333333
0.478581627796287	0.316277962874822	0.450893981364896	0.143666582724755	5.13333333333333
0.478581627796287	0.755116611137554	0.450893981364896	0.607529589524049	5.2
0.478581627796287	0.133507853403141	0.450893981364896	0.753588516746411	5.2
0.478581627796287	0.502855782960495	0.450893981364896	0.625157391085369	5.2
0.478581627796287	0.304378867206092	0.450893981364896	0.124024175270713	5.2
0.478581627796287	0.755116611137554	0.450893981364896	0.607529589524049	5.26666666666667
0.478581627796287	0.133507853403141	0.450893981364896	0.753588516746411	5.26666666666667
0.478581627796287	0.502855782960495	0.450893981364896	0.625157391085369	5.26666666666667
0.478581627796287	0.304378867206092	0.450893981364896	0.124024175270713	5.26666666666667
0.478581627796287	0.747977153736316	0.450893981364896	0.619617224880383	5.33333333333333
0.478581627796287	0.132079961922894	0.450893981364896	0.760135985897759	5.33333333333333
0.478581627796287	0.495716325559258	0.450893981364896	0.609040543943591	5.33333333333333
0.478581627796287	0.295811518324607	0.450893981364896	0.127549735582977	5.33333333333333
0.478581627796287	0.740837696335079	0.450893981364896	0.631201208763536	5.4
0.478581627796287	0.130652070442646	0.450893981364896	0.766179803575926	5.4
0.478581627796287	0.48857686815802	0.450893981364896	0.592923696801813	5.4
0.478581627796287	0.287244169443122	0.450893981364896	0.132082598841602	5.4
0.478581627796287	0.733698238933841	0.450893981364896	0.642785192646689	5.46666666666667
0.478581627796287	0.129700142789148	0.450893981364896	0.771719969780912	5.46666666666667
0.478581627796287	0.480961446930033	0.450893981364896	0.575799546713674	5.46666666666667
0.478581627796287	0.278676820561637	0.450893981364896	0.137622765046588	5.46666666666667
0.478581627796287	0.726082817705854	0.450893981364896	0.653865525056661	5.53333333333333
0.478581627796287	0.129224178962399	0.450893981364896	0.776252833039537	5.53333333333333
0.478581627796287	0.473821989528796	0.450893981364896	0.559179048098716	5.53333333333333
0.478581627796287	0.270585435506902	0.450893981364896	0.143162931251574	5.53333333333333
0.478581627796287	0.718467396477868	0.450893981364896	0.664945857466633	5.6
0.478581627796287	0.12874821513565	0.450893981364896	0.780785696298162	5.6
0.478581627796287	0.466682532127558	0.450893981364896	0.542054898010577	5.6
0.478581627796287	0.262494050452166	0.450893981364896	0.149206748929741	5.6
0.478581627796287	0.710376011423132	0.450893981364896	0.675018886930244	5.66666666666667
0.478581627796287	0.12874821513565	0.450893981364896	0.784311256610426	5.66666666666667
0.478581627796287	0.459067110899572	0.450893981364896	0.524930747922438	5.66666666666667
0.478581627796287	0.254878629224179	0.450893981364896	0.156257869554269	5.66666666666667
0.478581627796287	0.702760590195145	0.450893981364896	0.685091916393856	5.73333333333333
0.478581627796287	0.129224178962399	0.450893981364896	0.786829513976328	5.73333333333333
0.478581627796287	0.451927653498334	0.450893981364896	0.507302946361118	5.73333333333333
0.478581627796287	0.247263207996192	0.450893981364896	0.163308990178796	5.73333333333333
0.478581627796287	0.69419324131366	0.450893981364896	0.694661294384286	5.8
0.478581627796287	0.129700142789148	0.450893981364896	0.789347771342231	5.8
0.478581627796287	0.444788196097097	0.450893981364896	0.489675144799799	5.8
0.478581627796287	0.239647786768206	0.450893981364896	0.171367413749685	5.8
0.478581627796287	0.686101856258924	0.450893981364896	0.703727020901536	5.86666666666667
0.478581627796287	0.130652070442646	0.450893981364896	0.790858725761773	5.86666666666667
0.478581627796287	0.437648738695859	0.450893981364896	0.472047343238479	5.86666666666667
0.478581627796287	0.232508329366968	0.450893981364896	0.179425837320574	5.86666666666667
0.478581627796287	0.677534507377439	0.450893981364896	0.712792747418786	5.93333333333333
0.478581627796287	0.131603998096145	0.450893981364896	0.791866028708134	5.93333333333333
0.478581627796287	0.430033317467872	0.450893981364896	0.454419541677159	5.93333333333333
0.478581627796287	0.225368871965731	0.450893981364896	0.188491563837824	5.93333333333333
0.478581627796287	0.668967158495954	0.450893981364896	0.720851170989675	6
0.478581627796287	0.133031889576392	0.450893981364896	0.792369680181315	6
0.478581627796287	0.422893860066635	0.450893981364896	0.43679174011584	6
0.478581627796287	0.218229414564493	0.450893981364896	0.197557290355074	6
0.478581627796287	0.65992384578772	0.450893981364896	0.728405943087383	6.06666666666667
0.478581627796287	0.13445978105664	0.450893981364896	0.791866028708134	6.06666666666667
0.478581627796287	0.415754402665397	0.450893981364896	0.41916393855452	6.06666666666667
0.478581627796287	0.211565920990005	0.450893981364896	0.207630319818686	6.06666666666667
0.478581627796287	0.650880533079486	0.450893981364896	0.735960715185092	6.13333333333333
0.478581627796287	0.136363636363636	0.450893981364896	0.790858725761773	6.13333333333333
0.478581627796287	0.409090909090909	0.450893981364896	0.401536136993201	6.13333333333333
0.478581627796287	0.204902427415516	0.450893981364896	0.217703349282297	6.13333333333333
0.478581627796287	0.641837220371252	0.450893981364896	0.742508184336439	6.2
0.478581627796287	0.138743455497382	0.450893981364896	0.789347771342231	6.2
0.478581627796287	0.401951451689672	0.450893981364896	0.384411986905062	6.2
0.478581627796287	0.198714897667777	0.450893981364896	0.228280030219088	6.2
0.478581627796287	0.632793907663018	0.450893981364896	0.748552002014606	6.26666666666667
0.478581627796287	0.141123274631128	0.450893981364896	0.787333165449509	6.26666666666667
0.478581627796287	0.394811994288434	0.450893981364896	0.366784185343742	6.26666666666667
0.478581627796287	0.192527367920038	0.450893981364896	0.239360362629061	6.26666666666667
0.478581627796287	0.623750594954783	0.450893981364896	0.754092168219592	6.33333333333333
0.478581627796287	0.143979057591623	0.450893981364896	0.784311256610426	6.33333333333333
0.478581627796287	0.388148500713946	0.450893981364896	0.349660035255603	6.33333333333333
0.478581627796287	0.186339838172299	0.450893981364896	0.250944346512214	6.33333333333333
0.478581627796287	0.6142313184198	0.450893981364896	0.759128682951398	6.4
0.478581627796287	0.146834840552118	0.450893981364896	0.781289347771342	6.4
0.478581627796287	0.381009043312708	0.450893981364896	0.332535885167464	6.4
0.478581627796287	0.180628272251309	0.450893981364896	0.262528330395366	6.4
0.478581627796287	0.6142313184198	0.450893981364896	0.759128682951398	6.46666666666667
0.478581627796287	0.146834840552118	0.450893981364896	0.781289347771342	6.46666666666667
0.478581627796287	0.381009043312708	0.450893981364896	0.332535885167464	6.46666666666667
0.478581627796287	0.180628272251309	0.450893981364896	0.262528330395366	6.46666666666667
0.478581627796287	0.60280818657782	0.450893981364896	0.766683455049106	6.53333333333333
0.478581627796287	0.153974297953356	0.450893981364896	0.778267438932259	6.53333333333333
0.478581627796287	0.398143741075678	0.450893981364896	0.33757239989927	6.53333333333333
0.478581627796287	0.163493574488339	0.450893981364896	0.267061193653992	6.53333333333333
0.478581627796287	0.590909090909091	0.450893981364896	0.774238227146814	6.6
0.478581627796287	0.162541646834841	0.450893981364896	0.775245530093176	6.6
0.478581627796287	0.414802475011899	0.450893981364896	0.342608914631075	6.6
0.478581627796287	0.146834840552118	0.450893981364896	0.271594056912617	6.6
0.478581627796287	0.578534031413613	0.450893981364896	0.781289347771342	6.66666666666667
0.478581627796287	0.172060923369824	0.450893981364896	0.772223621254092	6.66666666666667
0.478581627796287	0.432413136601618	0.450893981364896	0.347645429362881	6.66666666666667
0.478581627796287	0.131603998096145	0.450893981364896	0.276126920171242	6.66666666666667
0.478581627796287	0.566158971918134	0.450893981364896	0.78834046839587	6.73333333333333
0.478581627796287	0.182532127558306	0.450893981364896	0.768698060941828	6.73333333333333
0.478581627796287	0.449547834364588	0.450893981364896	0.352681944094687	6.73333333333333
0.478581627796287	0.11732508329367	0.450893981364896	0.280156131956686	6.73333333333333
0.478581627796287	0.553783912422656	0.450893981364896	0.795391589020398	6.8
0.478581627796287	0.194431223227035	0.450893981364896	0.764668849156384	6.8
0.478581627796287	0.466682532127558	0.450893981364896	0.357718458826492	6.8
0.478581627796287	0.104474059971442	0.450893981364896	0.284688995215311	6.8
0.478581627796287	0.541408852927178	0.450893981364896	0.802442709644926	6.86666666666667
0.478581627796287	0.207282246549262	0.450893981364896	0.760639637370939	6.86666666666667
0.478581627796287	0.484293193717278	0.450893981364896	0.363258625031478	6.86666666666667
0.478581627796287	0.092574964302713	0.450893981364896	0.288718207000756	6.86666666666667
0.478581627796287	0.52855782960495	0.450893981364896	0.809493830269454	6.93333333333333
0.478581627796287	0.221085197524988	0.450893981364896	0.756610425585495	6.93333333333333
0.478581627796287	0.501427891480248	0.450893981364896	0.368295139763284	6.93333333333333
0.478581627796287	0.0821037601142314	0.450893981364896	0.2927474187862	6.93333333333333
0.478581627796287	0.515706806282723	0.450893981364896	0.816041299420801	7
0.478581627796287	0.235840076154212	0.450893981364896	0.75207756232687	7
0.478581627796287	0.518562589243218	0.450893981364896	0.373331654495089	7
0.478581627796287	0.072584483579248	0.450893981364896	0.296776630571644	7
0.478581627796287	0.503331746787244	0.450893981364896	0.822588768572148	7.06666666666667
0.478581627796287	0.252022846263684	0.450893981364896	0.747041047595064	7.06666666666667
0.478581627796287	0.535697287006188	0.450893981364896	0.378871820700076	7.06666666666667
0.478581627796287	0.0644930985245122	0.450893981364896	0.300805842357089	7.06666666666667
0.478581627796287	0.490480723465017	0.450893981364896	0.829136237723495	7.13333333333333
0.478581627796287	0.268681580199905	0.450893981364896	0.742004532863259	7.13333333333333
0.478581627796287	0.552831984769158	0.450893981364896	0.383908335431881	7.13333333333333
0.478581627796287	0.0578296049500238	0.450893981364896	0.304331402669353	7.13333333333333
0.478581627796287	0.478105663969538	0.450893981364896	0.835180055401662	7.2
0.478581627796287	0.286292241789624	0.450893981364896	0.736968018131453	7.2
0.478581627796287	0.569014754878629	0.450893981364896	0.389448501636867	7.2
0.478581627796287	0.052594002855783	0.450893981364896	0.307856962981617	7.2
0.478581627796287	0.46573060447406	0.450893981364896	0.841223873079829	7.26666666666667
0.478581627796287	0.304378867206092	0.450893981364896	0.731427851926467	7.26666666666667
0.478581627796287	0.585197524988101	0.450893981364896	0.394988667841853	7.26666666666667
0.478581627796287	0.0487862922417896	0.450893981364896	0.311382523293881	7.26666666666667
0.478581627796287	0.453355544978582	0.450893981364896	0.847267690757996	7.33333333333333
0.478581627796287	0.323417420276059	0.450893981364896	0.725887685721481	7.33333333333333
0.478581627796287	0.601380295097573	0.450893981364896	0.40052883404684	7.33333333333333
0.478581627796287	0.0464064731080438	0.450893981364896	0.314908083606145	7.33333333333333
0.478581627796287	0.441456449309853	0.450893981364896	0.852807856962982	7.4
0.478581627796287	0.343407900999524	0.450893981364896	0.719843868043314	7.4
0.478581627796287	0.616611137553546	0.450893981364896	0.406069000251826	7.4
0.478581627796287	0.0454545454545455	0.450893981364896	0.317929992445228	7.4
0.478581627796287	0.430033317467872	0.450893981364896	0.858348023167968	7.46666666666667
0.478581627796287	0.363398381722989	0.450893981364896	0.713800050365147	7.46666666666667
0.478581627796287	0.63136601618277	0.450893981364896	0.411609166456812	7.46666666666667
0.478581627796287	0.0454545454545455	0.450893981364896	0.321455552757492	7.46666666666667
0.478581627796287	0.418610185625892	0.450893981364896	0.863888189372954	7.53333333333333
0.478581627796287	0.384340790099952	0.450893981364896	0.707756232686981	7.53333333333333
0.478581627796287	0.646120894811994	0.450893981364896	0.417652984134979	7.53333333333333
0.478581627796287	0.0473584007615421	0.450893981364896	0.323973810123395	7.53333333333333
0.478581627796287	0.407663017610662	0.450893981364896	0.868924704104759	7.6
0.478581627796287	0.405283198476916	0.450893981364896	0.701712415008814	7.6
0.478581627796287	0.65992384578772	0.450893981364896	0.423193150339965	7.6
0.478581627796287	0.0502141837220371	0.450893981364896	0.326995718962478	7.6
0.478581627796287	0.39719181342218	0.450893981364896	0.873961218836565	7.66666666666667
0.478581627796287	0.426701570680628	0.450893981364896	0.695164945857467	7.66666666666667
0.478581627796287	0.672774869109948	0.450893981364896	0.429236968018131	7.66666666666667
0.478581627796287	0.0549738219895288	0.450893981364896	0.329513976328381	7.66666666666667
0.478581627796287	0.386720609233698	0.450893981364896	0.87849408209519	7.73333333333333
0.478581627796287	0.44859590671109	0.450893981364896	0.688617476706119	7.73333333333333
0.478581627796287	0.685149928605426	0.450893981364896	0.435280785696298	7.73333333333333
0.478581627796287	0.0606853879105188	0.450893981364896	0.332032233694284	7.73333333333333
0.478581627796287	0.377201332698715	0.450893981364896	0.883026945353815	7.8
0.478581627796287	0.470490242741552	0.450893981364896	0.682070007554772	7.8
0.478581627796287	0.697049024274155	0.450893981364896	0.441324603374465	7.8
0.478581627796287	0.0683008091385055	0.450893981364896	0.334550491060186	7.8
0.478581627796287	0.368158019990481	0.450893981364896	0.88705615713926	7.86666666666667
0.478581627796287	0.492384578772013	0.450893981364896	0.675018886930244	7.86666666666667
0.478581627796287	0.707996192289386	0.450893981364896	0.447872072525812	7.86666666666667
0.478581627796287	0.0768681580199905	0.450893981364896	0.337068748426089	7.86666666666667
0.478581627796287	0.359590671108996	0.450893981364896	0.891085368924704	7.93333333333333
0.478581627796287	0.514754878629224	0.450893981364896	0.667967766305717	7.93333333333333
0.478581627796287	0.718467396477868	0.450893981364896	0.453915890203979	7.93333333333333
0.478581627796287	0.086863398381723	0.450893981364896	0.339083354318811	7.93333333333333
0.478581627796287	0.359590671108996	0.450893981364896	0.891085368924704	8
0.478581627796287	0.514754878629224	0.450893981364896	0.667967766305717	8
0.478581627796287	0.718467396477868	0.450893981364896	0.453915890203979	8
0.478581627796287	0.086863398381723	0.450893981364896	0.339083354318811	8
0.478581627796287	0.363398381722989	0.450893981364896	0.893099974817426	8.06666666666667
0.478581627796287	0.507139457401238	0.450893981364896	0.655880130949383	8.06666666666667
0.478581627796287	0.721323179438363	0.450893981364896	0.434273482749937	8.06666666666667
0.478581627796287	0.086863398381723	0.450893981364896	0.325484764542936	8.06666666666667
0.478581627796287	0.366730128510233	0.450893981364896	0.893603626290607	8.13333333333333
0.478581627796287	0.499048072346502	0.450893981364896	0.643288844119869	8.13333333333333
0.478581627796287	0.723702998572109	0.450893981364896	0.414631075295895	8.13333333333333
0.478581627796287	0.086863398381723	0.450893981364896	0.312389826240242	8.13333333333333
0.478581627796287	0.370537839124227	0.450893981364896	0.893099974817426	8.2
0.478581627796287	0.491432651118515	0.450893981364896	0.629690254343994	8.2
0.478581627796287	0.726082817705854	0.450893981364896	0.395492319315034	8.2
0.478581627796287	0.086863398381723	0.450893981364896	0.299294887937547	8.2
0.478581627796287	0.373869585911471	0.450893981364896	0.891589020397885	8.26666666666667
0.478581627796287	0.483341266063779	0.450893981364896	0.616091664568119	8.26666666666667
0.478581627796287	0.7284626368396	0.450893981364896	0.375849911860992	8.26666666666667
0.478581627796287	0.0873393622084722	0.450893981364896	0.287207252581214	8.26666666666667
0.478581627796287	0.377677296525464	0.450893981364896	0.888567111558801	8.33333333333333
0.478581627796287	0.475725844835792	0.450893981364896	0.601485771845883	8.33333333333333
0.478581627796287	0.730842455973346	0.450893981364896	0.356711155880131	8.33333333333333
0.478581627796287	0.0878153260352214	0.450893981364896	0.275623268698061	8.33333333333333
0.478581627796287	0.381009043312708	0.450893981364896	0.884034248300176	8.4
0.478581627796287	0.467634459781057	0.450893981364896	0.586879879123646	8.4
0.478581627796287	0.732746311280343	0.450893981364896	0.33757239989927	8.4
0.478581627796287	0.0882912898619705	0.450893981364896	0.264542936288089	8.4
0.478581627796287	0.384340790099952	0.450893981364896	0.87849408209519	8.46666666666667
0.478581627796287	0.459543074726321	0.450893981364896	0.57177033492823	8.46666666666667
0.478581627796287	0.735126130414089	0.450893981364896	0.318433643918409	8.46666666666667
0.478581627796287	0.0892432175154689	0.450893981364896	0.254469906824478	8.46666666666667
0.478581627796287	0.387672536887197	0.450893981364896	0.871946612943843	8.53333333333333
0.478581627796287	0.451927653498334	0.450893981364896	0.556157139259632	8.53333333333333
0.478581627796287	0.737029985721085	0.450893981364896	0.299798539410728	8.53333333333333
0.478581627796287	0.0901951451689672	0.450893981364896	0.244396877360866	8.53333333333333
0.478581627796287	0.391004283674441	0.450893981364896	0.863888189372954	8.6
0.478581627796287	0.443836268443598	0.450893981364896	0.540040292117855	8.6
0.478581627796287	0.738933841028082	0.450893981364896	0.281667086376228	8.6
0.478581627796287	0.0916230366492147	0.450893981364896	0.235331150843616	8.6
0.478581627796287	0.393860066634936	0.450893981364896	0.854822462855704	8.66666666666667
0.478581627796287	0.435744883388862	0.450893981364896	0.523923444976077	8.66666666666667
0.478581627796287	0.740837696335079	0.450893981364896	0.264039284814908	8.66666666666667
0.478581627796287	0.0930509281294622	0.450893981364896	0.226769075799547	8.66666666666667
0.478581627796287	0.39719181342218	0.450893981364896	0.844749433392093	8.73333333333333
0.478581627796287	0.427653498334127	0.450893981364896	0.507806597834299	8.73333333333333
0.478581627796287	0.742741551642075	0.450893981364896	0.246915134726769	8.73333333333333
0.478581627796287	0.0944788196097097	0.450893981364896	0.219214303701838	8.73333333333333
0.478581627796287	0.400523560209424	0.450893981364896	0.83366910098212	8.8
0.478581627796287	0.419562113279391	0.450893981364896	0.491689750692521	8.8
0.478581627796287	0.744645406949072	0.450893981364896	0.22979098463863	8.8
0.478581627796287	0.0963826749167063	0.450893981364896	0.212666834550491	8.8
0.478581627796287	0.403379343169919	0.450893981364896	0.821077814152606	8.86666666666667
0.478581627796287	0.411946692051404	0.450893981364896	0.475069252077562	8.86666666666667
0.478581627796287	0.746549262256069	0.450893981364896	0.213674137496852	8.86666666666667
0.478581627796287	0.098286530223703	0.450893981364896	0.206119365399144	8.86666666666667
0.478581627796287	0.406235126130414	0.450893981364896	0.807982875849912	8.93333333333333
0.478581627796287	0.403855306996668	0.450893981364896	0.458448753462604	8.93333333333333
0.478581627796287	0.748453117563065	0.450893981364896	0.198060941828255	8.93333333333333
0.478581627796287	0.100666349357449	0.450893981364896	0.201082850667338	8.93333333333333
0.478581627796287	0.409090909090909	0.450893981364896	0.793376983127676	9
0.478581627796287	0.395763921941932	0.450893981364896	0.441828254847645	9
0.478581627796287	0.749881009043313	0.450893981364896	0.183455049106019	9
0.478581627796287	0.102570204664446	0.450893981364896	0.196549987408713	9
0.478581627796287	0.411946692051404	0.450893981364896	0.777763787459078	9.06666666666667
0.478581627796287	0.388148500713946	0.450893981364896	0.425207756232687	9.06666666666667
0.478581627796287	0.751784864350309	0.450893981364896	0.169352807856963	9.06666666666667
0.478581627796287	0.105425987624941	0.450893981364896	0.192520775623269	9.06666666666667
0.478581627796287	0.414802475011899	0.450893981364896	0.761646940317301	9.13333333333333
0.478581627796287	0.38005711565921	0.450893981364896	0.409090909090909	9.13333333333333
0.478581627796287	0.753212755830557	0.450893981364896	0.155754218081088	9.13333333333333
0.478581627796287	0.107805806758686	0.450893981364896	0.190002518257366	9.13333333333333
0.478581627796287	0.417658257972394	0.450893981364896	0.744522790229161	9.2
0.478581627796287	0.372441694431223	0.450893981364896	0.392470410475951	9.2
0.478581627796287	0.755116611137554	0.450893981364896	0.143162931251574	9.2
0.478581627796287	0.111137553545931	0.450893981364896	0.187987912364644	9.2
0.478581627796287	0.420514040932889	0.450893981364896	0.726391337194661	9.26666666666667
0.478581627796287	0.364826273203237	0.450893981364896	0.376353563334173	9.26666666666667
0.478581627796287	0.756544502617801	0.450893981364896	0.131075295895241	9.26666666666667
0.478581627796287	0.113993336506426	0.450893981364896	0.186476957945102	9.26666666666667
0.478581627796287	0.423369823893384	0.450893981364896	0.707756232686981	9.33333333333333
0.478581627796287	0.356734888148501	0.450893981364896	0.360740367665575	9.33333333333333
0.478581627796287	0.757972394098049	0.450893981364896	0.119994963485268	9.33333333333333
0.478581627796287	0.11732508329367	0.450893981364896	0.185973306471921	9.33333333333333
0.478581627796287	0.423369823893384	0.450893981364896	0.707756232686981	9.4
0.478581627796287	0.356734888148501	0.450893981364896	0.360740367665575	9.4
0.478581627796287	0.757972394098049	0.450893981364896	0.119994963485268	9.4
0.478581627796287	0.11732508329367	0.450893981364896	0.185973306471921	9.4
0.478581627796287	0.434792955735364	0.450893981364896	0.712289095945606	9.46666666666667
0.478581627796287	0.34007615421228	0.450893981364896	0.375346260387812	9.46666666666667
0.478581627796287	0.763683960019039	0.450893981364896	0.123016872324352	9.46666666666667
0.478581627796287	0.126368396001904	0.450893981364896	0.182447746159658	9.46666666666667
0.478581627796287	0.446216087577344	0.450893981364896	0.716821959204231	9.53333333333333
0.478581627796287	0.323417420276059	0.450893981364896	0.390455804583228	9.53333333333333
0.478581627796287	0.768919562113279	0.450893981364896	0.126542432636615	9.53333333333333
0.478581627796287	0.136363636363636	0.450893981364896	0.178418534374213	9.53333333333333
0.478581627796287	0.458591147072823	0.450893981364896	0.720851170989675	9.6
0.478581627796287	0.307234650166587	0.450893981364896	0.405061697305465	9.6
0.478581627796287	0.772727272727273	0.450893981364896	0.131075295895241	9.6
0.478581627796287	0.146358876725369	0.450893981364896	0.174892974061949	9.6
0.478581627796287	0.470490242741552	0.450893981364896	0.72488038277512	9.66666666666667
0.478581627796287	0.291051880057116	0.450893981364896	0.419667590027701	9.66666666666667
0.478581627796287	0.775583055687768	0.450893981364896	0.135608159153866	9.66666666666667
0.478581627796287	0.1573060447406	0.450893981364896	0.170863762276505	9.66666666666667
0.478581627796287	0.483341266063779	0.450893981364896	0.727902291614203	9.73333333333333
0.478581627796287	0.275821037601142	0.450893981364896	0.433769831276757	9.73333333333333
0.478581627796287	0.777486910994765	0.450893981364896	0.141148325358852	9.73333333333333
0.478581627796287	0.16872917658258	0.450893981364896	0.167338201964241	9.73333333333333
0.478581627796287	0.495716325559258	0.450893981364896	0.731427851926467	9.8
0.478581627796287	0.260590195145169	0.450893981364896	0.448375723998993	9.8
0.478581627796287	0.778438838648263	0.450893981364896	0.147192143037018	9.8
0.478581627796287	0.180628272251309	0.450893981364896	0.163308990178796	9.8
0.478581627796287	0.508567348881485	0.450893981364896	0.73444976076555	9.86666666666667
0.478581627796287	0.246311280342694	0.450893981364896	0.462477965248048	9.86666666666667
0.478581627796287	0.778438838648263	0.450893981364896	0.153739612188366	9.86666666666667
0.478581627796287	0.193003331746787	0.450893981364896	0.159279778393352	9.86666666666667
0.478581627796287	0.521894336030462	0.450893981364896	0.736968018131453	9.93333333333333
0.478581627796287	0.232032365540219	0.450893981364896	0.476076555023923	9.93333333333333
0.478581627796287	0.777486910994765	0.450893981364896	0.160790732812894	9.93333333333333
0.478581627796287	0.205854355069015	0.450893981364896	0.155754218081088	9.93333333333333
0.478581627796287	0.535221323179438	0.450893981364896	0.738982624024175	10
0.478581627796287	0.218705378391242	0.450893981364896	0.489675144799799	10
0.478581627796287	0.775583055687768	0.450893981364896	0.168849156383782	10
0.478581627796287	0.218705378391242	0.450893981364896	0.152228657768824	10
0.478581627796287	0.548548310328415	0.450893981364896	0.741500881390078	10.0666666666667
0.478581627796287	0.205854355069015	0.450893981364896	0.502770083102493	10.0666666666667
0.478581627796287	0.773203236554022	0.450893981364896	0.176907579954671	10.0666666666667
0.478581627796287	0.232032365540219	0.450893981364896	0.14819944598338	10.0666666666667
0.478581627796287	0.561875297477392	0.450893981364896	0.74301183580962	10.1333333333333
0.478581627796287	0.193955259400286	0.450893981364896	0.515865021405188	10.1333333333333
0.478581627796287	0.769395525940029	0.450893981364896	0.185973306471921	10.1333333333333
0.478581627796287	0.245835316515945	0.450893981364896	0.144673885671116	10.1333333333333
0.478581627796287	0.575202284626368	0.450893981364896	0.745026441702342	10.2
0.478581627796287	0.182532127558306	0.450893981364896	0.528456308234702	10.2
0.478581627796287	0.764635887672537	0.450893981364896	0.195542684462352	10.2
0.478581627796287	0.26011423131842	0.450893981364896	0.141148325358852	10.2
0.478581627796287	0.589005235602094	0.450893981364896	0.746537396121884	10.2666666666667
0.478581627796287	0.172060923369824	0.450893981364896	0.541047595064216	10.2666666666667
0.478581627796287	0.759400285578296	0.450893981364896	0.205615713925963	10.2666666666667
0.478581627796287	0.274393146120895	0.450893981364896	0.137622765046588	10.2666666666667
0.478581627796287	0.602332222751071	0.450893981364896	0.747544699068245	10.3333333333333
0.478581627796287	0.162065683008091	0.450893981364896	0.552631578947368	10.3333333333333
0.478581627796287	0.752736792003808	0.450893981364896	0.215688743389574	10.3333333333333
0.478581627796287	0.289148024750119	0.450893981364896	0.134600856207504	10.3333333333333
0.478581627796287	0.615659209900048	0.450893981364896	0.748552002014606	10.4
0.478581627796287	0.153022370299857	0.450893981364896	0.564215562830521	10.4
0.478581627796287	0.74559733460257	0.450893981364896	0.226769075799547	10.4
0.478581627796287	0.303902903379343	0.450893981364896	0.131578947368421	10.4
0.478581627796287	0.628986197049024	0.450893981364896	0.749559304960967	10.4666666666667
0.478581627796287	0.144930985245121	0.450893981364896	0.575295895240494	10.4666666666667
0.478581627796287	0.737505949547834	0.450893981364896	0.2383530596827	10.4666666666667
0.478581627796287	0.318657782008567	0.450893981364896	0.128557038529338	10.4666666666667
0.478581627796287	0.642313184198001	0.450893981364896	0.750062956434148	10.5333333333333
0.478581627796287	0.137791527843884	0.450893981364896	0.585872576177285	10.5333333333333
0.478581627796287	0.728938600666349	0.450893981364896	0.250440695039033	10.5333333333333
0.478581627796287	0.333888624464541	0.450893981364896	0.126038781163435	10.5333333333333
0.478581627796287	0.655640171346978	0.450893981364896	0.750566607907328	10.6
0.478581627796287	0.131603998096145	0.450893981364896	0.595945605640897	10.6
0.478581627796287	0.719419324131366	0.450893981364896	0.263031981868547	10.6
0.478581627796287	0.348643503093765	0.450893981364896	0.123520523797532	10.6
0.478581627796287	0.668491194669205	0.450893981364896	0.751070259380509	10.6666666666667
0.478581627796287	0.126368396001904	0.450893981364896	0.605514983631327	10.6666666666667
0.478581627796287	0.708948119942884	0.450893981364896	0.275623268698061	10.6666666666667
0.478581627796287	0.363874345549738	0.450893981364896	0.121002266431629	10.6666666666667
0.478581627796287	0.681342217991433	0.450893981364896	0.751573910853689	10.7333333333333
0.478581627796287	0.121608757734412	0.450893981364896	0.615084361621758	10.7333333333333
0.478581627796287	0.698000951927654	0.450893981364896	0.288718207000756	10.7333333333333
0.478581627796287	0.378629224178962	0.450893981364896	0.118987660538907	10.7333333333333
0.478581627796287	0.693717277486911	0.450893981364896	0.751573910853689	10.8
0.478581627796287	0.118277010947168	0.450893981364896	0.623646436665827	10.8
0.478581627796287	0.686577820085674	0.450893981364896	0.302820448249811	10.8
0.478581627796287	0.393860066634936	0.450893981364896	0.116973054646185	10.8
0.478581627796287	0.706092336982389	0.450893981364896	0.751573910853689	10.8666666666667
0.478581627796287	0.115897191813422	0.450893981364896	0.631704860236716	10.8666666666667
0.478581627796287	0.674202760590195	0.450893981364896	0.316419038025686	10.8666666666667
0.478581627796287	0.40861494526416	0.450893981364896	0.115462100226643	10.8666666666667
0.478581627796287	0.706092336982389	0.450893981364896	0.751573910853689	10.9333333333333
0.478581627796287	0.115897191813422	0.450893981364896	0.631704860236716	10.9333333333333
0.478581627796287	0.674202760590195	0.450893981364896	0.316419038025686	10.9333333333333
0.478581627796287	0.40861494526416	0.450893981364896	0.115462100226643	10.9333333333333
0.478581627796287	0.703236554021894	0.450893981364896	0.766179803575926	11
0.478581627796287	0.11161351737268	0.450893981364896	0.642281541173508	11
0.478581627796287	0.668967158495954	0.450893981364896	0.325988416016117	11
0.478581627796287	0.405759162303665	0.450893981364896	0.131578947368421	11
0.478581627796287	0.700380771061399	0.450893981364896	0.779778393351801	11.0666666666667
0.478581627796287	0.108281770585436	0.450893981364896	0.652354570637119	11.0666666666667
0.478581627796287	0.663731556401714	0.450893981364896	0.335557794006548	11.0666666666667
0.478581627796287	0.402427415516421	0.450893981364896	0.14819944598338	11.0666666666667
0.478581627796287	0.698000951927654	0.450893981364896	0.792873331654495	11.1333333333333
0.478581627796287	0.104474059971442	0.450893981364896	0.661420297154369	11.1333333333333
0.478581627796287	0.658495954307473	0.450893981364896	0.346134474943339	11.1333333333333
0.478581627796287	0.399095668729177	0.450893981364896	0.165827247544699	11.1333333333333
0.478581627796287	0.695145168967159	0.450893981364896	0.805464618484009	11.2
0.478581627796287	0.101142313184198	0.450893981364896	0.669982372198439	11.2
0.478581627796287	0.652784388386483	0.450893981364896	0.356711155880131	11.2
0.478581627796287	0.395287958115183	0.450893981364896	0.183958700579199	11.2
0.478581627796287	0.693241313660162	0.450893981364896	0.817048602367162	11.2666666666667
0.478581627796287	0.098286530223703	0.450893981364896	0.677537144296147	11.2666666666667
0.478581627796287	0.647072822465493	0.450893981364896	0.367791488290103	11.2666666666667
0.478581627796287	0.39148024750119	0.450893981364896	0.20259380508688	11.2666666666667
0.478581627796287	0.690861494526416	0.450893981364896	0.827625283303954	11.3333333333333
0.478581627796287	0.095430747263208	0.450893981364896	0.683580961974314	11.3333333333333
0.478581627796287	0.641361256544503	0.450893981364896	0.379375472173256	11.3333333333333
0.478581627796287	0.387672536887197	0.450893981364896	0.222236212540922	11.3333333333333
0.478581627796287	0.689433603046169	0.450893981364896	0.837698312767565	11.4
0.478581627796287	0.0930509281294622	0.450893981364896	0.68962477965248	11.4
0.478581627796287	0.635173726796763	0.450893981364896	0.390959456056409	11.4
0.478581627796287	0.383864826273203	0.450893981364896	0.241878619994964	11.4
0.478581627796287	0.687529747739172	0.450893981364896	0.846764039284815	11.4666666666667
0.478581627796287	0.0911470728224655	0.450893981364896	0.694157642911105	11.4666666666667
0.478581627796287	0.629462160875773	0.450893981364896	0.403047091412742	11.4666666666667
0.478581627796287	0.379581151832461	0.450893981364896	0.262528330395366	11.4666666666667
0.478581627796287	0.686101856258924	0.450893981364896	0.855326114328885	11.5333333333333
0.478581627796287	0.0892432175154689	0.450893981364896	0.697683203223369	11.5333333333333
0.478581627796287	0.623274631128034	0.450893981364896	0.415638378242256	11.5333333333333
0.478581627796287	0.375297477391718	0.450893981364896	0.283178040795769	11.5333333333333
0.478581627796287	0.685149928605426	0.450893981364896	0.862377234953412	11.6
0.478581627796287	0.0873393622084722	0.450893981364896	0.700705112062453	11.6
0.478581627796287	0.617087101380295	0.450893981364896	0.42822966507177	11.6
0.478581627796287	0.370537839124227	0.450893981364896	0.304331402669353	11.6
0.478581627796287	0.684198000951928	0.450893981364896	0.868924704104759	11.6666666666667
0.478581627796287	0.0859114707282247	0.450893981364896	0.702216066481994	11.6666666666667
0.478581627796287	0.610899571632556	0.450893981364896	0.440820951901284	11.6666666666667
0.478581627796287	0.366254164683484	0.450893981364896	0.325988416016117	11.6666666666667
0.478581627796287	0.683722037125179	0.450893981364896	0.874464870309746	11.7333333333333
0.478581627796287	0.0849595430747264	0.450893981364896	0.703223369428356	11.7333333333333
0.478581627796287	0.604712041884817	0.450893981364896	0.453412238730798	11.7333333333333
0.478581627796287	0.361494526415992	0.450893981364896	0.347645429362881	11.7333333333333
0.478581627796287	0.683246073298429	0.450893981364896	0.878997733568371	11.8
0.478581627796287	0.084007615421228	0.450893981364896	0.702719717955175	11.8
0.478581627796287	0.598524512137078	0.450893981364896	0.466507177033493	11.8
0.478581627796287	0.35721085197525	0.450893981364896	0.369302442709645	11.8
0.478581627796287	0.68277010947168	0.450893981364896	0.882523293880635	11.8666666666667
0.478581627796287	0.0835316515944789	0.450893981364896	0.701712415008814	11.8666666666667
0.478581627796287	0.592336982389338	0.450893981364896	0.479602115336187	11.8666666666667
0.478581627796287	0.352451213707758	0.450893981364896	0.39146310752959	11.8666666666667
0.478581627796287	0.683246073298429	0.450893981364896	0.885545202719718	11.9333333333333
0.478581627796287	0.0835316515944789	0.450893981364896	0.699697809116092	11.9333333333333
0.478581627796287	0.586149452641599	0.450893981364896	0.492697053638882	11.9333333333333
0.478581627796287	0.347691575440267	0.450893981364896	0.413623772349534	11.9333333333333
0.478581627796287	0.683246073298429	0.450893981364896	0.88705615713926	12
0.478581627796287	0.0835316515944789	0.450893981364896	0.696172248803828	12
0.478581627796287	0.57996192289386	0.450893981364896	0.505288340468396	12
0.478581627796287	0.343407900999524	0.450893981364896	0.435784437169479	12
0.478581627796287	0.683246073298429	0.450893981364896	0.88705615713926	12.0666666666667
0.478581627796287	0.0835316515944789	0.450893981364896	0.696172248803828	12.0666666666667
0.478581627796287	0.57996192289386	0.450893981364896	0.505288340468396	12.0666666666667
0.478581627796287	0.343407900999524	0.450893981364896	0.435784437169479	12.0666666666667
0.478581627796287	0.68277010947168	0.450893981364896	0.888063460085621	12.1333333333333
0.478581627796287	0.0825797239409805	0.450893981364896	0.696172248803828	12.1333333333333
0.478581627796287	0.599476439790576	0.450893981364896	0.49118609921934	12.1333333333333
0.478581627796287	0.361970490242742	0.450893981364896	0.424704104759506	12.1333333333333
0.478581627796287	0.681818181818182	0.450893981364896	0.889070763031982	12.2
0.478581627796287	0.0835316515944789	0.450893981364896	0.695164945857467	12.2
0.478581627796287	0.618990956687292	0.450893981364896	0.477587509443465	12.2
0.478581627796287	0.380533079485959	0.450893981364896	0.414127423822715	12.2
0.478581627796287	0.681342217991433	0.450893981364896	0.889574414505163	12.2666666666667
0.478581627796287	0.0863874345549739	0.450893981364896	0.692646688491564	12.2666666666667
0.478581627796287	0.637553545930509	0.450893981364896	0.463485268194409	12.2666666666667
0.478581627796287	0.400047596382675	0.450893981364896	0.403047091412742	12.2666666666667
0.478581627796287	0.681342217991433	0.450893981364896	0.890581717451524	12.3333333333333
0.478581627796287	0.0906711089957164	0.450893981364896	0.68962477965248	12.3333333333333
0.478581627796287	0.656116135173727	0.450893981364896	0.450390329891715	12.3333333333333
0.478581627796287	0.419086149452642	0.450893981364896	0.39146310752959	12.3333333333333
0.478581627796287	0.681342217991433	0.450893981364896	0.891085368924704	12.4
0.478581627796287	0.0968586387434555	0.450893981364896	0.685091916393856	12.4
0.478581627796287	0.674202760590195	0.450893981364896	0.43729539158902	12.4
0.478581627796287	0.438600666349358	0.450893981364896	0.380382775119617	12.4
0.478581627796287	0.681342217991433	0.450893981364896	0.891589020397885	12.4666666666667
0.478581627796287	0.104474059971442	0.450893981364896	0.679048098715689	12.4666666666667
0.478581627796287	0.691337458353165	0.450893981364896	0.424704104759506	12.4666666666667
0.478581627796287	0.458115183246073	0.450893981364896	0.369302442709645	12.4666666666667
0.478581627796287	0.681342217991433	0.450893981364896	0.892092671871065	12.5333333333333
0.478581627796287	0.113993336506426	0.450893981364896	0.672500629564342	12.5333333333333
0.478581627796287	0.707520228462637	0.450893981364896	0.412616469403173	12.5333333333333
0.478581627796287	0.47715373631604	0.450893981364896	0.357718458826492	12.5333333333333
0.478581627796287	0.681818181818182	0.450893981364896	0.892092671871065	12.6
0.478581627796287	0.124940504521656	0.450893981364896	0.664945857466633	12.6
0.478581627796287	0.723227034745359	0.450893981364896	0.40103248552002	12.6
0.478581627796287	0.496668253212756	0.450893981364896	0.34663812641652	12.6
0.478581627796287	0.682294145644931	0.450893981364896	0.892092671871065	12.6666666666667
0.478581627796287	0.137315564017135	0.450893981364896	0.655880130949383	12.6666666666667
0.478581627796287	0.737981913374584	0.450893981364896	0.389952153110048	12.6666666666667
0.478581627796287	0.515230842455973	0.450893981364896	0.336061445479728	12.6666666666667
0.478581627796287	0.683246073298429	0.450893981364896	0.892092671871065	12.7333333333333
0.478581627796287	0.15159447881961	0.450893981364896	0.646310752958952	12.7333333333333
0.478581627796287	0.751784864350309	0.450893981364896	0.379879123646437	12.7333333333333
0.478581627796287	0.533793431699191	0.450893981364896	0.325484764542936	12.7333333333333
0.478581627796287	0.684198000951928	0.450893981364896	0.892092671871065	12.8
0.478581627796287	0.166825321275583	0.450893981364896	0.635734072022161	12.8
0.478581627796287	0.764635887672537	0.450893981364896	0.370309745656006	12.8
0.478581627796287	0.551880057115659	0.450893981364896	0.314908083606145	12.8
0.478581627796287	0.685149928605426	0.450893981364896	0.891589020397885	12.8666666666667
0.478581627796287	0.183960019038553	0.450893981364896	0.624150088139008	12.8666666666667
0.478581627796287	0.776059019514517	0.450893981364896	0.361244019138756	12.8666666666667
0.478581627796287	0.569490718705378	0.450893981364896	0.304835054142533	12.8666666666667
0.478581627796287	0.686577820085674	0.450893981364896	0.891085368924704	12.9333333333333
0.478581627796287	0.202046644455021	0.450893981364896	0.611558801309494	12.9333333333333
0.478581627796287	0.787006187529748	0.450893981364896	0.352681944094687	12.9333333333333
0.478581627796287	0.586625416468349	0.450893981364896	0.295265676152103	12.9333333333333
0.478581627796287	0.688005711565921	0.450893981364896	0.890581717451524	13
0.478581627796287	0.221085197524988	0.450893981364896	0.598463863006799	13
0.478581627796287	0.796049500237982	0.450893981364896	0.345630823470159	13
0.478581627796287	0.603284150404569	0.450893981364896	0.285696298161672	13
0.478581627796287	0.689433603046169	0.450893981364896	0.890078065978343	13.0666666666667
0.478581627796287	0.241551642075202	0.450893981364896	0.584361621757744	13.0666666666667
0.478581627796287	0.804616849119467	0.450893981364896	0.338579702845631	13.0666666666667
0.478581627796287	0.618990956687292	0.450893981364896	0.277134223117603	13.0666666666667
0.478581627796287	0.691337458353165	0.450893981364896	0.889574414505163	13.1333333333333
0.478581627796287	0.262970014278915	0.450893981364896	0.569755729035507	13.1333333333333
0.478581627796287	0.811280342693955	0.450893981364896	0.333039536640645	13.1333333333333
0.478581627796287	0.633745835316516	0.450893981364896	0.268572148073533	13.1333333333333
0.478581627796287	0.692765349833413	0.450893981364896	0.888567111558801	13.2
0.478581627796287	0.285340314136126	0.450893981364896	0.554646184840091	13.2
0.478581627796287	0.816991908614945	0.450893981364896	0.328003021908839	13.2
0.478581627796287	0.648024750118991	0.450893981364896	0.261017375975825	13.2
0.478581627796287	0.695145168967159	0.450893981364896	0.88755980861244	13.2666666666667
0.478581627796287	0.308186577820086	0.450893981364896	0.539032989171493	13.2666666666667
0.478581627796287	0.821275583055688	0.450893981364896	0.323973810123395	13.2666666666667
0.478581627796287	0.660875773441219	0.450893981364896	0.253966255351297	13.2666666666667
0.478581627796287	0.697049024274155	0.450893981364896	0.886552505666079	13.3333333333333
0.478581627796287	0.331984769157544	0.450893981364896	0.522916142029715	13.3333333333333
0.478581627796287	0.824131366016183	0.450893981364896	0.320448249811131	13.3333333333333
0.478581627796287	0.673250832936697	0.450893981364896	0.24741878619995	13.3333333333333
