colour	showSelectedlegendcolour	fill	group
#F8766D	FC	#F8766D	1
#F8766D	FC	#F8766D	2
#F8766D	FC	#F8766D	3
#F8766D	FC	#F8766D	4
#F8766D	FC	#F8766D	5
#F8766D	FC	#F8766D	6
#F8766D	FC	#F8766D	7
#F8766D	FC	#F8766D	8
#F8766D	FC	#F8766D	9
#F8766D	FC	#F8766D	10
#F8766D	FC	#F8766D	11
#F8766D	FC	#F8766D	12
#F8766D	FC	#F8766D	13
#F8766D	FC	#F8766D	14
#00BFC4	FF	#00BFC4	15
#F8766D	FC	#F8766D	16
#F8766D	FC	#F8766D	17
#00BFC4	FF	#00BFC4	18
#F8766D	FC	#F8766D	19
#F8766D	FC	#F8766D	20
#F8766D	FC	#F8766D	21
#F8766D	FC	#F8766D	22
#F8766D	FC	#F8766D	23
#F8766D	FC	#F8766D	24
#F8766D	FC	#F8766D	25
#00BFC4	FF	#00BFC4	26
#F8766D	FC	#F8766D	27
#00BFC4	FF	#00BFC4	28
#F8766D	FC	#F8766D	29
#F8766D	FC	#F8766D	30
#F8766D	FC	#F8766D	31
#F8766D	FC	#F8766D	32
#F8766D	FC	#F8766D	33
#F8766D	FC	#F8766D	34
#F8766D	FC	#F8766D	35
#F8766D	FC	#F8766D	36
#F8766D	FC	#F8766D	37
#F8766D	FC	#F8766D	38
#F8766D	FC	#F8766D	39
#00BFC4	FF	#00BFC4	40
#F8766D	FC	#F8766D	41
#F8766D	FC	#F8766D	42
#F8766D	FC	#F8766D	43
#00BFC4	FF	#00BFC4	44
#00BFC4	FF	#00BFC4	45
#F8766D	FC	#F8766D	46
#00BFC4	FF	#00BFC4	47
#F8766D	FC	#F8766D	48
#00BFC4	FF	#00BFC4	49
#F8766D	FC	#F8766D	50
#F8766D	FC	#F8766D	51
#F8766D	FC	#F8766D	52
#F8766D	FC	#F8766D	53
#F8766D	FC	#F8766D	54
#00BFC4	FF	#00BFC4	55
#F8766D	FC	#F8766D	56
#F8766D	FC	#F8766D	57
#F8766D	FC	#F8766D	58
#F8766D	FC	#F8766D	59
#F8766D	FC	#F8766D	60
#F8766D	FC	#F8766D	61
#F8766D	FC	#F8766D	62
#F8766D	FC	#F8766D	63
#F8766D	FC	#F8766D	64
#F8766D	FC	#F8766D	65
#F8766D	FC	#F8766D	66
#F8766D	FC	#F8766D	67
#F8766D	FC	#F8766D	68
#F8766D	FC	#F8766D	69
#F8766D	FC	#F8766D	70
#F8766D	FC	#F8766D	71
#F8766D	FC	#F8766D	72
#F8766D	FC	#F8766D	73
#F8766D	FC	#F8766D	74
#F8766D	FC	#F8766D	75
#F8766D	FC	#F8766D	76
#F8766D	FC	#F8766D	77
#F8766D	FC	#F8766D	78
#F8766D	FC	#F8766D	79
#00BFC4	FF	#00BFC4	80
#F8766D	FC	#F8766D	81
#F8766D	FC	#F8766D	82
#F8766D	FC	#F8766D	83
#F8766D	FC	#F8766D	84
#F8766D	FC	#F8766D	85
#F8766D	FC	#F8766D	86
#F8766D	FC	#F8766D	87
#F8766D	FC	#F8766D	88
#00BFC4	FF	#00BFC4	89
#F8766D	FC	#F8766D	90
#F8766D	FC	#F8766D	91
#F8766D	FC	#F8766D	92
#F8766D	FC	#F8766D	93
#F8766D	FC	#F8766D	94
#F8766D	FC	#F8766D	95
#F8766D	FC	#F8766D	96
#F8766D	FC	#F8766D	97
#F8766D	FC	#F8766D	98
#F8766D	FC	#F8766D	99
#F8766D	FC	#F8766D	100
#F8766D	FC	#F8766D	101
#F8766D	FC	#F8766D	102
#F8766D	FC	#F8766D	103
#F8766D	FC	#F8766D	104
#F8766D	FC	#F8766D	105
#00BFC4	FF	#00BFC4	106
#00BFC4	FF	#00BFC4	107
#F8766D	FC	#F8766D	108
#F8766D	FC	#F8766D	109
#00BFC4	FF	#00BFC4	110
#F8766D	FC	#F8766D	111
#F8766D	FC	#F8766D	112
#F8766D	FC	#F8766D	113
#00BFC4	FF	#00BFC4	114
#F8766D	FC	#F8766D	115
#F8766D	FC	#F8766D	116
#F8766D	FC	#F8766D	117
#F8766D	FC	#F8766D	118
#F8766D	FC	#F8766D	119
#F8766D	FC	#F8766D	120
#F8766D	FC	#F8766D	121
#F8766D	FC	#F8766D	122
#00BFC4	FF	#00BFC4	123
#F8766D	FC	#F8766D	124
#F8766D	FC	#F8766D	125
#F8766D	FC	#F8766D	126
#F8766D	FC	#F8766D	127
#F8766D	FC	#F8766D	128
#F8766D	FC	#F8766D	129
#F8766D	FC	#F8766D	130
#F8766D	FC	#F8766D	131
#F8766D	FC	#F8766D	132
#F8766D	FC	#F8766D	133
#00BFC4	FF	#00BFC4	134
#00BFC4	FF	#00BFC4	135
#00BFC4	FF	#00BFC4	136
#F8766D	FC	#F8766D	137
#F8766D	FC	#F8766D	138
#F8766D	FC	#F8766D	139
#F8766D	FC	#F8766D	140
#F8766D	FC	#F8766D	141
#F8766D	FC	#F8766D	142
#F8766D	FC	#F8766D	143
#F8766D	FC	#F8766D	144
#F8766D	FC	#F8766D	145
#F8766D	FC	#F8766D	146
#F8766D	FC	#F8766D	147
#F8766D	FC	#F8766D	148
#F8766D	FC	#F8766D	149
#F8766D	FC	#F8766D	150
#F8766D	FC	#F8766D	151
#F8766D	FC	#F8766D	152
#F8766D	FC	#F8766D	153
#F8766D	FC	#F8766D	154
#F8766D	FC	#F8766D	155
#F8766D	FC	#F8766D	156
#F8766D	FC	#F8766D	157
#F8766D	FC	#F8766D	158
#F8766D	FC	#F8766D	159
#F8766D	FC	#F8766D	160
#F8766D	FC	#F8766D	161
#F8766D	FC	#F8766D	162
#F8766D	FC	#F8766D	163
#F8766D	FC	#F8766D	164
#F8766D	FC	#F8766D	165
#F8766D	FC	#F8766D	166
#F8766D	FC	#F8766D	167
#F8766D	FC	#F8766D	168
#F8766D	FC	#F8766D	169
#F8766D	FC	#F8766D	170
#F8766D	FC	#F8766D	171
#F8766D	FC	#F8766D	172
#F8766D	FC	#F8766D	173
#F8766D	FC	#F8766D	174
#F8766D	FC	#F8766D	175
#F8766D	FC	#F8766D	176
#F8766D	FC	#F8766D	177
#F8766D	FC	#F8766D	178
#F8766D	FC	#F8766D	179
#F8766D	FC	#F8766D	180
#00BFC4	FF	#00BFC4	181
#F8766D	FC	#F8766D	182
#00BFC4	FF	#00BFC4	183
#F8766D	FC	#F8766D	184
#00BFC4	FF	#00BFC4	185
#F8766D	FC	#F8766D	186
#F8766D	FC	#F8766D	187
#F8766D	FC	#F8766D	188
#F8766D	FC	#F8766D	189
#F8766D	FC	#F8766D	190
#F8766D	FC	#F8766D	191
#00BFC4	FF	#00BFC4	192
#F8766D	FC	#F8766D	193
#F8766D	FC	#F8766D	194
#F8766D	FC	#F8766D	195
#F8766D	FC	#F8766D	196
#F8766D	FC	#F8766D	197
#F8766D	FC	#F8766D	198
#F8766D	FC	#F8766D	199
#00BFC4	FF	#00BFC4	200
#F8766D	FC	#F8766D	201
#F8766D	FC	#F8766D	202
#F8766D	FC	#F8766D	203
#F8766D	FC	#F8766D	204
#00BFC4	FF	#00BFC4	205
#00BFC4	FF	#00BFC4	206
#F8766D	FC	#F8766D	207
#00BFC4	FF	#00BFC4	208
#F8766D	FC	#F8766D	209
#F8766D	FC	#F8766D	210
#F8766D	FC	#F8766D	211
#00BFC4	FF	#00BFC4	212
#F8766D	FC	#F8766D	213
#F8766D	FC	#F8766D	214
#F8766D	FC	#F8766D	215
#00BFC4	FF	#00BFC4	216
#F8766D	FC	#F8766D	217
#F8766D	FC	#F8766D	218
#F8766D	FC	#F8766D	219
#F8766D	FC	#F8766D	220
#F8766D	FC	#F8766D	221
#F8766D	FC	#F8766D	222
#F8766D	FC	#F8766D	223
#F8766D	FC	#F8766D	224
#00BFC4	FF	#00BFC4	225
#F8766D	FC	#F8766D	226
#F8766D	FC	#F8766D	227
#00BFC4	FF	#00BFC4	228
#F8766D	FC	#F8766D	229
#F8766D	FC	#F8766D	230
#F8766D	FC	#F8766D	231
#F8766D	FC	#F8766D	232
#F8766D	FC	#F8766D	233
#F8766D	FC	#F8766D	234
#F8766D	FC	#F8766D	235
#F8766D	FC	#F8766D	236
#F8766D	FC	#F8766D	237
#00BFC4	FF	#00BFC4	238
#00BFC4	FF	#00BFC4	239
#F8766D	FC	#F8766D	240
#F8766D	FC	#F8766D	241
#F8766D	FC	#F8766D	242
#00BFC4	FF	#00BFC4	243
#F8766D	FC	#F8766D	244
#00BFC4	FF	#00BFC4	245
#F8766D	FC	#F8766D	246
#F8766D	FC	#F8766D	247
#F8766D	FC	#F8766D	248
#F8766D	FC	#F8766D	249
#F8766D	FC	#F8766D	250
#F8766D	FC	#F8766D	251
#F8766D	FC	#F8766D	252
#00BFC4	FF	#00BFC4	253
#F8766D	FC	#F8766D	254
#F8766D	FC	#F8766D	255
#F8766D	FC	#F8766D	256
#F8766D	FC	#F8766D	257
#F8766D	FC	#F8766D	258
#F8766D	FC	#F8766D	259
#F8766D	FC	#F8766D	260
#F8766D	FC	#F8766D	261
#F8766D	FC	#F8766D	262
#F8766D	FC	#F8766D	263
#F8766D	FC	#F8766D	264
#F8766D	FC	#F8766D	265
#F8766D	FC	#F8766D	266
#F8766D	FC	#F8766D	267
#F8766D	FC	#F8766D	268
#F8766D	FC	#F8766D	269
#F8766D	FC	#F8766D	270
#F8766D	FC	#F8766D	271
#F8766D	FC	#F8766D	272
#F8766D	FC	#F8766D	273
#F8766D	FC	#F8766D	274
#F8766D	FC	#F8766D	275
#F8766D	FC	#F8766D	276
#F8766D	FC	#F8766D	277
#F8766D	FC	#F8766D	278
#F8766D	FC	#F8766D	279
#00BFC4	FF	#00BFC4	280
#F8766D	FC	#F8766D	281
#F8766D	FC	#F8766D	282
#F8766D	FC	#F8766D	283
#F8766D	FC	#F8766D	284
#F8766D	FC	#F8766D	285
#F8766D	FC	#F8766D	286
#F8766D	FC	#F8766D	287
#F8766D	FC	#F8766D	288
#F8766D	FC	#F8766D	289
#F8766D	FC	#F8766D	290
#00BFC4	FF	#00BFC4	291
#F8766D	FC	#F8766D	292
#F8766D	FC	#F8766D	293
#F8766D	FC	#F8766D	294
#F8766D	FC	#F8766D	295
#F8766D	FC	#F8766D	296
#00BFC4	FF	#00BFC4	297
#F8766D	FC	#F8766D	298
#F8766D	FC	#F8766D	299
#F8766D	FC	#F8766D	300
#F8766D	FC	#F8766D	301
#F8766D	FC	#F8766D	302
#F8766D	FC	#F8766D	303
#F8766D	FC	#F8766D	304
#00BFC4	FF	#00BFC4	305
#00BFC4	FF	#00BFC4	306
#F8766D	FC	#F8766D	307
#F8766D	FC	#F8766D	308
#F8766D	FC	#F8766D	309
#F8766D	FC	#F8766D	310
#F8766D	FC	#F8766D	311
#F8766D	FC	#F8766D	312
#F8766D	FC	#F8766D	313
#F8766D	FC	#F8766D	314
#F8766D	FC	#F8766D	315
#F8766D	FC	#F8766D	316
#F8766D	FC	#F8766D	317
#F8766D	FC	#F8766D	318
#F8766D	FC	#F8766D	319
#F8766D	FC	#F8766D	320
#F8766D	FC	#F8766D	321
#F8766D	FC	#F8766D	322
#F8766D	FC	#F8766D	323
#F8766D	FC	#F8766D	324
#F8766D	FC	#F8766D	325
#F8766D	FC	#F8766D	326
#F8766D	FC	#F8766D	327
#F8766D	FC	#F8766D	328
#F8766D	FC	#F8766D	329
#F8766D	FC	#F8766D	330
#F8766D	FC	#F8766D	331
#F8766D	FC	#F8766D	332
#F8766D	FC	#F8766D	333
#F8766D	FC	#F8766D	334
#F8766D	FC	#F8766D	335
#F8766D	FC	#F8766D	336
#F8766D	FC	#F8766D	337
#F8766D	FC	#F8766D	338
#F8766D	FC	#F8766D	339
#F8766D	FC	#F8766D	340
#F8766D	FC	#F8766D	341
#F8766D	FC	#F8766D	342
#F8766D	FC	#F8766D	343
#F8766D	FC	#F8766D	344
#F8766D	FC	#F8766D	345
#F8766D	FC	#F8766D	346
#F8766D	FC	#F8766D	347
#F8766D	FC	#F8766D	348
#F8766D	FC	#F8766D	349
#F8766D	FC	#F8766D	350
#00BFC4	FF	#00BFC4	351
#F8766D	FC	#F8766D	352
#F8766D	FC	#F8766D	353
#F8766D	FC	#F8766D	354
#00BFC4	FF	#00BFC4	355
#F8766D	FC	#F8766D	356
#F8766D	FC	#F8766D	357
#F8766D	FC	#F8766D	358
#F8766D	FC	#F8766D	359
#F8766D	FC	#F8766D	360
#F8766D	FC	#F8766D	361
#F8766D	FC	#F8766D	362
#F8766D	FC	#F8766D	363
#00BFC4	FF	#00BFC4	364
#00BFC4	FF	#00BFC4	365
#F8766D	FC	#F8766D	366
#F8766D	FC	#F8766D	367
#F8766D	FC	#F8766D	368
#F8766D	FC	#F8766D	369
#F8766D	FC	#F8766D	370
#F8766D	FC	#F8766D	371
#F8766D	FC	#F8766D	372
#F8766D	FC	#F8766D	373
#F8766D	FC	#F8766D	374
#00BFC4	FF	#00BFC4	375
#00BFC4	FF	#00BFC4	376
#F8766D	FC	#F8766D	377
#F8766D	FC	#F8766D	378
#F8766D	FC	#F8766D	379
#F8766D	FC	#F8766D	380
#F8766D	FC	#F8766D	381
#F8766D	FC	#F8766D	382
#F8766D	FC	#F8766D	383
#F8766D	FC	#F8766D	384
#F8766D	FC	#F8766D	385
#F8766D	FC	#F8766D	386
#00BFC4	FF	#00BFC4	387
#F8766D	FC	#F8766D	388
#F8766D	FC	#F8766D	389
#F8766D	FC	#F8766D	390
#F8766D	FC	#F8766D	391
#F8766D	FC	#F8766D	392
#F8766D	FC	#F8766D	393
#00BFC4	FF	#00BFC4	394
#F8766D	FC	#F8766D	395
#F8766D	FC	#F8766D	396
#F8766D	FC	#F8766D	397
#F8766D	FC	#F8766D	398
#F8766D	FC	#F8766D	399
#00BFC4	FF	#00BFC4	400
#00BFC4	FF	#00BFC4	401
#F8766D	FC	#F8766D	402
#F8766D	FC	#F8766D	403
#F8766D	FC	#F8766D	404
#F8766D	FC	#F8766D	405
#F8766D	FC	#F8766D	406
#F8766D	FC	#F8766D	407
#F8766D	FC	#F8766D	408
#F8766D	FC	#F8766D	409
#F8766D	FC	#F8766D	410
#F8766D	FC	#F8766D	411
#F8766D	FC	#F8766D	412
#F8766D	FC	#F8766D	413
#F8766D	FC	#F8766D	414
#F8766D	FC	#F8766D	415
#F8766D	FC	#F8766D	416
#F8766D	FC	#F8766D	417
#F8766D	FC	#F8766D	418
#F8766D	FC	#F8766D	419
#F8766D	FC	#F8766D	420
#F8766D	FC	#F8766D	421
#F8766D	FC	#F8766D	422
#F8766D	FC	#F8766D	423
#F8766D	FC	#F8766D	424
#00BFC4	FF	#00BFC4	425
#F8766D	FC	#F8766D	426
#00BFC4	FF	#00BFC4	427
#F8766D	FC	#F8766D	428
#F8766D	FC	#F8766D	429
#F8766D	FC	#F8766D	430
#F8766D	FC	#F8766D	431
#F8766D	FC	#F8766D	432
#F8766D	FC	#F8766D	433
#F8766D	FC	#F8766D	434
#F8766D	FC	#F8766D	435
#F8766D	FC	#F8766D	436
#00BFC4	FF	#00BFC4	437
#F8766D	FC	#F8766D	438
#F8766D	FC	#F8766D	439
#00BFC4	FF	#00BFC4	440
#00BFC4	FF	#00BFC4	441
#F8766D	FC	#F8766D	442
#F8766D	FC	#F8766D	443
#F8766D	FC	#F8766D	444
#F8766D	FC	#F8766D	445
#00BFC4	FF	#00BFC4	446
#F8766D	FC	#F8766D	447
#F8766D	FC	#F8766D	448
#F8766D	FC	#F8766D	449
#F8766D	FC	#F8766D	450
#F8766D	FC	#F8766D	451
#F8766D	FC	#F8766D	452
#00BFC4	FF	#00BFC4	453
#00BFC4	FF	#00BFC4	454
#00BFC4	FF	#00BFC4	455
#F8766D	FC	#F8766D	456
#00BFC4	FF	#00BFC4	457
#F8766D	FC	#F8766D	458
#F8766D	FC	#F8766D	459
#F8766D	FC	#F8766D	460
#F8766D	FC	#F8766D	461
#F8766D	FC	#F8766D	462
#F8766D	FC	#F8766D	463
#F8766D	FC	#F8766D	464
#F8766D	FC	#F8766D	465
#F8766D	FC	#F8766D	466
#F8766D	FC	#F8766D	467
#F8766D	FC	#F8766D	468
#F8766D	FC	#F8766D	469
#F8766D	FC	#F8766D	470
#F8766D	FC	#F8766D	471
#F8766D	FC	#F8766D	472
#F8766D	FC	#F8766D	473
#F8766D	FC	#F8766D	474
#F8766D	FC	#F8766D	475
#F8766D	FC	#F8766D	476
#F8766D	FC	#F8766D	477
#F8766D	FC	#F8766D	478
#F8766D	FC	#F8766D	479
#F8766D	FC	#F8766D	480
#F8766D	FC	#F8766D	481
#F8766D	FC	#F8766D	482
#F8766D	FC	#F8766D	483
#F8766D	FC	#F8766D	484
#F8766D	FC	#F8766D	485
#F8766D	FC	#F8766D	486
#00BFC4	FF	#00BFC4	487
#00BFC4	FF	#00BFC4	488
#F8766D	FC	#F8766D	489
#F8766D	FC	#F8766D	490
#00BFC4	FF	#00BFC4	491
#00BFC4	FF	#00BFC4	492
#F8766D	FC	#F8766D	493
#F8766D	FC	#F8766D	494
#F8766D	FC	#F8766D	495
#00BFC4	FF	#00BFC4	496
#F8766D	FC	#F8766D	497
#F8766D	FC	#F8766D	498
#F8766D	FC	#F8766D	499
#F8766D	FC	#F8766D	500
#F8766D	FC	#F8766D	501
#F8766D	FC	#F8766D	502
#F8766D	FC	#F8766D	503
#F8766D	FC	#F8766D	504
#F8766D	FC	#F8766D	505
#F8766D	FC	#F8766D	506
#F8766D	FC	#F8766D	507
#F8766D	FC	#F8766D	508
#00BFC4	FF	#00BFC4	509
#00BFC4	FF	#00BFC4	510
#F8766D	FC	#F8766D	511
#F8766D	FC	#F8766D	512
#F8766D	FC	#F8766D	513
#F8766D	FC	#F8766D	514
#00BFC4	FF	#00BFC4	515
#F8766D	FC	#F8766D	516
#00BFC4	FF	#00BFC4	517
#00BFC4	FF	#00BFC4	518
#F8766D	FC	#F8766D	519
#F8766D	FC	#F8766D	520
#F8766D	FC	#F8766D	521
#F8766D	FC	#F8766D	522
#F8766D	FC	#F8766D	523
#F8766D	FC	#F8766D	524
#F8766D	FC	#F8766D	525
#F8766D	FC	#F8766D	526
#F8766D	FC	#F8766D	527
#F8766D	FC	#F8766D	528
#F8766D	FC	#F8766D	529
#F8766D	FC	#F8766D	530
#F8766D	FC	#F8766D	531
#F8766D	FC	#F8766D	532
#F8766D	FC	#F8766D	533
#00BFC4	FF	#00BFC4	534
#F8766D	FC	#F8766D	535
#F8766D	FC	#F8766D	536
#F8766D	FC	#F8766D	537
#F8766D	FC	#F8766D	538
#F8766D	FC	#F8766D	539
#F8766D	FC	#F8766D	540
#F8766D	FC	#F8766D	541
#F8766D	FC	#F8766D	542
#F8766D	FC	#F8766D	543
#F8766D	FC	#F8766D	544
#F8766D	FC	#F8766D	545
#F8766D	FC	#F8766D	546
#F8766D	FC	#F8766D	547
#F8766D	FC	#F8766D	548
#F8766D	FC	#F8766D	549
#F8766D	FC	#F8766D	550
#F8766D	FC	#F8766D	551
#F8766D	FC	#F8766D	552
#F8766D	FC	#F8766D	553
#F8766D	FC	#F8766D	554
#F8766D	FC	#F8766D	555
#F8766D	FC	#F8766D	556
#F8766D	FC	#F8766D	557
#F8766D	FC	#F8766D	558
#F8766D	FC	#F8766D	559
#F8766D	FC	#F8766D	560
#F8766D	FC	#F8766D	561
#F8766D	FC	#F8766D	562
#F8766D	FC	#F8766D	563
#F8766D	FC	#F8766D	564
#F8766D	FC	#F8766D	565
#F8766D	FC	#F8766D	566
#F8766D	FC	#F8766D	567
#F8766D	FC	#F8766D	568
#F8766D	FC	#F8766D	569
#F8766D	FC	#F8766D	570
#F8766D	FC	#F8766D	571
#F8766D	FC	#F8766D	572
#00BFC4	FF	#00BFC4	573
#F8766D	FC	#F8766D	574
#00BFC4	FF	#00BFC4	575
#F8766D	FC	#F8766D	576
#F8766D	FC	#F8766D	577
#00BFC4	FF	#00BFC4	578
#F8766D	FC	#F8766D	579
#F8766D	FC	#F8766D	580
#F8766D	FC	#F8766D	581
#F8766D	FC	#F8766D	582
#F8766D	FC	#F8766D	583
#F8766D	FC	#F8766D	584
#F8766D	FC	#F8766D	585
#F8766D	FC	#F8766D	586
#F8766D	FC	#F8766D	587
#F8766D	FC	#F8766D	588
#F8766D	FC	#F8766D	589
#00BFC4	FF	#00BFC4	590
#00BFC4	FF	#00BFC4	591
#F8766D	FC	#F8766D	592
#F8766D	FC	#F8766D	593
#F8766D	FC	#F8766D	594
#F8766D	FC	#F8766D	595
#F8766D	FC	#F8766D	596
#F8766D	FC	#F8766D	597
#F8766D	FC	#F8766D	598
#F8766D	FC	#F8766D	599
#F8766D	FC	#F8766D	600
#F8766D	FC	#F8766D	601
#F8766D	FC	#F8766D	602
#00BFC4	FF	#00BFC4	603
#F8766D	FC	#F8766D	604
#F8766D	FC	#F8766D	605
#00BFC4	FF	#00BFC4	606
#F8766D	FC	#F8766D	607
#F8766D	FC	#F8766D	608
#00BFC4	FF	#00BFC4	609
#F8766D	FC	#F8766D	610
#F8766D	FC	#F8766D	611
#F8766D	FC	#F8766D	612
#F8766D	FC	#F8766D	613
#00BFC4	FF	#00BFC4	614
#00BFC4	FF	#00BFC4	615
#00BFC4	FF	#00BFC4	616
#00BFC4	FF	#00BFC4	617
#F8766D	FC	#F8766D	618
#F8766D	FC	#F8766D	619
#F8766D	FC	#F8766D	620
#F8766D	FC	#F8766D	621
#F8766D	FC	#F8766D	622
#F8766D	FC	#F8766D	623
#F8766D	FC	#F8766D	624
#F8766D	FC	#F8766D	625
#F8766D	FC	#F8766D	626
#F8766D	FC	#F8766D	627
#F8766D	FC	#F8766D	628
#F8766D	FC	#F8766D	629
#F8766D	FC	#F8766D	630
#F8766D	FC	#F8766D	631
#F8766D	FC	#F8766D	632
#F8766D	FC	#F8766D	633
#F8766D	FC	#F8766D	634
#F8766D	FC	#F8766D	635
#F8766D	FC	#F8766D	636
#F8766D	FC	#F8766D	637
#F8766D	FC	#F8766D	638
#F8766D	FC	#F8766D	639
#F8766D	FC	#F8766D	640
#F8766D	FC	#F8766D	641
#F8766D	FC	#F8766D	642
#F8766D	FC	#F8766D	643
#F8766D	FC	#F8766D	644
#F8766D	FC	#F8766D	645
#F8766D	FC	#F8766D	646
#F8766D	FC	#F8766D	647
#F8766D	FC	#F8766D	648
#00BFC4	FF	#00BFC4	649
#F8766D	FC	#F8766D	650
#F8766D	FC	#F8766D	651
#F8766D	FC	#F8766D	652
#F8766D	FC	#F8766D	653
#F8766D	FC	#F8766D	654
#F8766D	FC	#F8766D	655
#F8766D	FC	#F8766D	656
#00BFC4	FF	#00BFC4	657
#F8766D	FC	#F8766D	658
#F8766D	FC	#F8766D	659
#00BFC4	FF	#00BFC4	660
#F8766D	FC	#F8766D	661
#F8766D	FC	#F8766D	662
#F8766D	FC	#F8766D	663
#F8766D	FC	#F8766D	664
#F8766D	FC	#F8766D	665
#F8766D	FC	#F8766D	666
#F8766D	FC	#F8766D	667
#F8766D	FC	#F8766D	668
#F8766D	FC	#F8766D	669
#F8766D	FC	#F8766D	670
#F8766D	FC	#F8766D	671
#F8766D	FC	#F8766D	672
#F8766D	FC	#F8766D	673
#F8766D	FC	#F8766D	674
#F8766D	FC	#F8766D	675
#F8766D	FC	#F8766D	676
#F8766D	FC	#F8766D	677
#F8766D	FC	#F8766D	678
#00BFC4	FF	#00BFC4	679
#F8766D	FC	#F8766D	680
#F8766D	FC	#F8766D	681
#F8766D	FC	#F8766D	682
#F8766D	FC	#F8766D	683
#F8766D	FC	#F8766D	684
#F8766D	FC	#F8766D	685
#F8766D	FC	#F8766D	686
#F8766D	FC	#F8766D	687
#F8766D	FC	#F8766D	688
#F8766D	FC	#F8766D	689
#F8766D	FC	#F8766D	690
#F8766D	FC	#F8766D	691
#F8766D	FC	#F8766D	692
#F8766D	FC	#F8766D	693
#F8766D	FC	#F8766D	694
#F8766D	FC	#F8766D	695
#F8766D	FC	#F8766D	696
#F8766D	FC	#F8766D	697
#00BFC4	FF	#00BFC4	698
#F8766D	FC	#F8766D	699
#F8766D	FC	#F8766D	700
#F8766D	FC	#F8766D	701
#F8766D	FC	#F8766D	702
#F8766D	FC	#F8766D	703
#F8766D	FC	#F8766D	704
#F8766D	FC	#F8766D	705
#F8766D	FC	#F8766D	706
#F8766D	FC	#F8766D	707
#F8766D	FC	#F8766D	708
#F8766D	FC	#F8766D	709
#F8766D	FC	#F8766D	710
#F8766D	FC	#F8766D	711
#F8766D	FC	#F8766D	712
#F8766D	FC	#F8766D	713
#F8766D	FC	#F8766D	714
#F8766D	FC	#F8766D	715
#F8766D	FC	#F8766D	716
#F8766D	FC	#F8766D	717
#F8766D	FC	#F8766D	718
#F8766D	FC	#F8766D	719
#F8766D	FC	#F8766D	720
#F8766D	FC	#F8766D	721
#F8766D	FC	#F8766D	722
#F8766D	FC	#F8766D	723
#00BFC4	FF	#00BFC4	724
#F8766D	FC	#F8766D	725
#F8766D	FC	#F8766D	726
#00BFC4	FF	#00BFC4	727
#F8766D	FC	#F8766D	728
#F8766D	FC	#F8766D	729
#F8766D	FC	#F8766D	730
#F8766D	FC	#F8766D	731
#F8766D	FC	#F8766D	732
#F8766D	FC	#F8766D	733
#00BFC4	FF	#00BFC4	734
#F8766D	FC	#F8766D	735
#F8766D	FC	#F8766D	736
#00BFC4	FF	#00BFC4	737
#F8766D	FC	#F8766D	738
#F8766D	FC	#F8766D	739
#F8766D	FC	#F8766D	740
#F8766D	FC	#F8766D	741
#00BFC4	FF	#00BFC4	742
#F8766D	FC	#F8766D	743
#F8766D	FC	#F8766D	744
#F8766D	FC	#F8766D	745
#F8766D	FC	#F8766D	746
#F8766D	FC	#F8766D	747
#F8766D	FC	#F8766D	748
#F8766D	FC	#F8766D	749
#F8766D	FC	#F8766D	750
#00BFC4	FF	#00BFC4	751
#F8766D	FC	#F8766D	752
#00BFC4	FF	#00BFC4	753
#F8766D	FC	#F8766D	754
#F8766D	FC	#F8766D	755
#F8766D	FC	#F8766D	756
#F8766D	FC	#F8766D	757
#F8766D	FC	#F8766D	758
#00BFC4	FF	#00BFC4	759
#F8766D	FC	#F8766D	760
#00BFC4	FF	#00BFC4	761
#00BFC4	FF	#00BFC4	762
#F8766D	FC	#F8766D	763
#F8766D	FC	#F8766D	764
#F8766D	FC	#F8766D	765
#F8766D	FC	#F8766D	766
#F8766D	FC	#F8766D	767
#F8766D	FC	#F8766D	768
#F8766D	FC	#F8766D	769
#F8766D	FC	#F8766D	770
#F8766D	FC	#F8766D	771
#F8766D	FC	#F8766D	772
#F8766D	FC	#F8766D	773
#F8766D	FC	#F8766D	774
#F8766D	FC	#F8766D	775
#00BFC4	FF	#00BFC4	776
#00BFC4	FF	#00BFC4	777
#F8766D	FC	#F8766D	778
#00BFC4	FF	#00BFC4	779
#00BFC4	FF	#00BFC4	780
#00BFC4	FF	#00BFC4	781
#F8766D	FC	#F8766D	782
#00BFC4	FF	#00BFC4	783
#F8766D	FC	#F8766D	784
#00BFC4	FF	#00BFC4	785
#00BFC4	FF	#00BFC4	786
#F8766D	FC	#F8766D	787
#F8766D	FC	#F8766D	788
#F8766D	FC	#F8766D	789
#F8766D	FC	#F8766D	790
#F8766D	FC	#F8766D	791
#F8766D	FC	#F8766D	792
#F8766D	FC	#F8766D	793
#00BFC4	FF	#00BFC4	794
#F8766D	FC	#F8766D	795
#F8766D	FC	#F8766D	796
#F8766D	FC	#F8766D	797
#F8766D	FC	#F8766D	798
#F8766D	FC	#F8766D	799
#F8766D	FC	#F8766D	800
#00BFC4	FF	#00BFC4	801
#F8766D	FC	#F8766D	802
#F8766D	FC	#F8766D	803
#F8766D	FC	#F8766D	804
#F8766D	FC	#F8766D	805
#F8766D	FC	#F8766D	806
#00BFC4	FF	#00BFC4	807
#F8766D	FC	#F8766D	808
#F8766D	FC	#F8766D	809
#F8766D	FC	#F8766D	810
#F8766D	FC	#F8766D	811
#00BFC4	FF	#00BFC4	812
#F8766D	FC	#F8766D	813
#F8766D	FC	#F8766D	814
#F8766D	FC	#F8766D	815
#F8766D	FC	#F8766D	816
#F8766D	FC	#F8766D	817
#F8766D	FC	#F8766D	818
#F8766D	FC	#F8766D	819
#F8766D	FC	#F8766D	820
#F8766D	FC	#F8766D	821
#F8766D	FC	#F8766D	822
#F8766D	FC	#F8766D	823
#00BFC4	FF	#00BFC4	824
#F8766D	FC	#F8766D	825
#F8766D	FC	#F8766D	826
#00BFC4	FF	#00BFC4	827
#F8766D	FC	#F8766D	828
#F8766D	FC	#F8766D	829
#F8766D	FC	#F8766D	830
#F8766D	FC	#F8766D	831
#F8766D	FC	#F8766D	832
#F8766D	FC	#F8766D	833
#F8766D	FC	#F8766D	834
#F8766D	FC	#F8766D	835
#F8766D	FC	#F8766D	836
#F8766D	FC	#F8766D	837
#F8766D	FC	#F8766D	838
#F8766D	FC	#F8766D	839
#F8766D	FC	#F8766D	840
#F8766D	FC	#F8766D	841
#F8766D	FC	#F8766D	842
#F8766D	FC	#F8766D	843
#F8766D	FC	#F8766D	844
#F8766D	FC	#F8766D	845
#F8766D	FC	#F8766D	846
#F8766D	FC	#F8766D	847
#F8766D	FC	#F8766D	848
#F8766D	FC	#F8766D	849
#F8766D	FC	#F8766D	850
#F8766D	FC	#F8766D	851
#F8766D	FC	#F8766D	852
#00BFC4	FF	#00BFC4	853
#F8766D	FC	#F8766D	854
#F8766D	FC	#F8766D	855
#F8766D	FC	#F8766D	856
#F8766D	FC	#F8766D	857
#F8766D	FC	#F8766D	858
#00BFC4	FF	#00BFC4	859
#F8766D	FC	#F8766D	860
#F8766D	FC	#F8766D	861
#00BFC4	FF	#00BFC4	862
#F8766D	FC	#F8766D	863
#F8766D	FC	#F8766D	864
#F8766D	FC	#F8766D	865
#F8766D	FC	#F8766D	866
#F8766D	FC	#F8766D	867
#F8766D	FC	#F8766D	868
#F8766D	FC	#F8766D	869
#F8766D	FC	#F8766D	870
#F8766D	FC	#F8766D	871
#00BFC4	FF	#00BFC4	872
#00BFC4	FF	#00BFC4	873
#F8766D	FC	#F8766D	874
#F8766D	FC	#F8766D	875
#F8766D	FC	#F8766D	876
#F8766D	FC	#F8766D	877
#F8766D	FC	#F8766D	878
#F8766D	FC	#F8766D	879
#F8766D	FC	#F8766D	880
#F8766D	FC	#F8766D	881
#F8766D	FC	#F8766D	882
#F8766D	FC	#F8766D	883
#F8766D	FC	#F8766D	884
#00BFC4	FF	#00BFC4	885
#F8766D	FC	#F8766D	886
#F8766D	FC	#F8766D	887
#F8766D	FC	#F8766D	888
#F8766D	FC	#F8766D	889
#F8766D	FC	#F8766D	890
#F8766D	FC	#F8766D	891
#F8766D	FC	#F8766D	892
#F8766D	FC	#F8766D	893
#F8766D	FC	#F8766D	894
#F8766D	FC	#F8766D	895
#F8766D	FC	#F8766D	896
#F8766D	FC	#F8766D	897
#00BFC4	FF	#00BFC4	898
#F8766D	FC	#F8766D	899
#F8766D	FC	#F8766D	900
#F8766D	FC	#F8766D	901
#00BFC4	FF	#00BFC4	902
#F8766D	FC	#F8766D	903
#F8766D	FC	#F8766D	904
#F8766D	FC	#F8766D	905
#F8766D	FC	#F8766D	906
#F8766D	FC	#F8766D	907
#F8766D	FC	#F8766D	908
#F8766D	FC	#F8766D	909
#F8766D	FC	#F8766D	910
#00BFC4	FF	#00BFC4	911
#F8766D	FC	#F8766D	912
