x	y	showSelected	label	PANEL
0.095959595959596	0.0795454545454545	px=-2; pz=0.7	0	1
0.095959595959596	0.193181818181818	px=-2; pz=1.2	0	1
0.095959595959596	0.306818181818182	px=-2; pz=1.7	0	1
0.095959595959596	0.420454545454545	px=-2; pz=2.2	0	1
0.095959595959596	0.534090909090909	px=-2; pz=2.7	0	1
0.095959595959596	0.647727272727273	px=-2; pz=3.2	0	1
0.095959595959596	0.761363636363636	px=-2; pz=3.7	0	1
0.095959595959596	0.875	px=-2; pz=4.2	0	1
0.196969696969697	0.0795454545454545	px=-1.5; pz=0.7	0	1
0.196969696969697	0.193181818181818	px=-1.5; pz=1.2	0.1	1
0.196969696969697	0.306818181818182	px=-1.5; pz=1.7	0.4	1
0.196969696969697	0.420454545454545	px=-1.5; pz=2.2	0.2	1
0.196969696969697	0.534090909090909	px=-1.5; pz=2.7	0.1	1
0.196969696969697	0.647727272727273	px=-1.5; pz=3.2	0.1	1
0.196969696969697	0.761363636363636	px=-1.5; pz=3.7	0	1
0.196969696969697	0.875	px=-1.5; pz=4.2	0	1
0.297979797979798	0.0795454545454545	px=-1; pz=0.7	0	1
0.297979797979798	0.193181818181818	px=-1; pz=1.2	2.1	1
0.297979797979798	0.306818181818182	px=-1; pz=1.7	2	1
0.297979797979798	0.420454545454545	px=-1; pz=2.2	0.9	1
0.297979797979798	0.534090909090909	px=-1; pz=2.7	0.8	1
0.297979797979798	0.647727272727273	px=-1; pz=3.2	0.7	1
0.297979797979798	0.761363636363636	px=-1; pz=3.7	0.2	1
0.297979797979798	0.875	px=-1; pz=4.2	0	1
0.398989898989899	0.0795454545454545	px=-0.5; pz=0.7	0	1
0.398989898989899	0.193181818181818	px=-0.5; pz=1.2	5.6	1
0.398989898989899	0.306818181818182	px=-0.5; pz=1.7	1.8	1
0.398989898989899	0.420454545454545	px=-0.5; pz=2.2	1	1
0.398989898989899	0.534090909090909	px=-0.5; pz=2.7	1	1
0.398989898989899	0.647727272727273	px=-0.5; pz=3.2	1	1
0.398989898989899	0.761363636363636	px=-0.5; pz=3.7	0.8	1
0.398989898989899	0.875	px=-0.5; pz=4.2	0.1	1
0.5	0.0795454545454545	px=0; pz=0.7	0	1
0.5	0.193181818181818	px=0; pz=1.2	4.3	1
0.5	0.306818181818182	px=0; pz=1.7	2.3	1
0.5	0.420454545454545	px=0; pz=2.2	1	1
0.5	0.534090909090909	px=0; pz=2.7	1	1
0.5	0.647727272727273	px=0; pz=3.2	1	1
0.5	0.761363636363636	px=0; pz=3.7	1.1	1
0.5	0.875	px=0; pz=4.2	0.2	1
0.601010101010101	0.0795454545454545	px=0.5; pz=0.7	0	1
0.601010101010101	0.193181818181818	px=0.5; pz=1.2	1.4	1
0.601010101010101	0.306818181818182	px=0.5; pz=1.7	3.5	1
0.601010101010101	0.420454545454545	px=0.5; pz=2.2	1.1	1
0.601010101010101	0.534090909090909	px=0.5; pz=2.7	1	1
0.601010101010101	0.647727272727273	px=0.5; pz=3.2	1.1	1
0.601010101010101	0.761363636363636	px=0.5; pz=3.7	1	1
0.601010101010101	0.875	px=0.5; pz=4.2	0.1	1
0.702020202020202	0.0795454545454545	px=1; pz=0.7	0	1
0.702020202020202	0.193181818181818	px=1; pz=1.2	0	1
0.702020202020202	0.306818181818182	px=1; pz=1.7	1	1
0.702020202020202	0.420454545454545	px=1; pz=2.2	0.9	1
0.702020202020202	0.534090909090909	px=1; pz=2.7	0.6	1
0.702020202020202	0.647727272727273	px=1; pz=3.2	0.5	1
0.702020202020202	0.761363636363636	px=1; pz=3.7	0.1	1
0.702020202020202	0.875	px=1; pz=4.2	0	1
0.803030303030303	0.0795454545454545	px=1.5; pz=0.7	0	1
0.803030303030303	0.193181818181818	px=1.5; pz=1.2	0	1
0.803030303030303	0.306818181818182	px=1.5; pz=1.7	0	1
0.803030303030303	0.420454545454545	px=1.5; pz=2.2	0.1	1
0.803030303030303	0.534090909090909	px=1.5; pz=2.7	0.1	1
0.803030303030303	0.647727272727273	px=1.5; pz=3.2	0	1
0.803030303030303	0.761363636363636	px=1.5; pz=3.7	0	1
0.803030303030303	0.875	px=1.5; pz=4.2	0	1
0.904040404040404	0.0795454545454545	px=2; pz=0.7	0	1
0.904040404040404	0.193181818181818	px=2; pz=1.2	0	1
0.904040404040404	0.306818181818182	px=2; pz=1.7	0	1
0.904040404040404	0.420454545454545	px=2; pz=2.2	0	1
0.904040404040404	0.534090909090909	px=2; pz=2.7	0	1
0.904040404040404	0.647727272727273	px=2; pz=3.2	0	1
0.904040404040404	0.761363636363636	px=2; pz=3.7	0	1
0.904040404040404	0.875	px=2; pz=4.2	0	1
0.095959595959596	0.0795454545454545	px=-2; pz=0.7	0	2
0.095959595959596	0.193181818181818	px=-2; pz=1.2	0	2
0.095959595959596	0.306818181818182	px=-2; pz=1.7	0	2
0.095959595959596	0.420454545454545	px=-2; pz=2.2	0	2
0.095959595959596	0.534090909090909	px=-2; pz=2.7	0	2
0.095959595959596	0.647727272727273	px=-2; pz=3.2	0	2
0.095959595959596	0.761363636363636	px=-2; pz=3.7	0	2
0.095959595959596	0.875	px=-2; pz=4.2	0	2
0.196969696969697	0.0795454545454545	px=-1.5; pz=0.7	0	2
0.196969696969697	0.193181818181818	px=-1.5; pz=1.2	0.1	2
0.196969696969697	0.306818181818182	px=-1.5; pz=1.7	0.4	2
0.196969696969697	0.420454545454545	px=-1.5; pz=2.2	0.2	2
0.196969696969697	0.534090909090909	px=-1.5; pz=2.7	0.1	2
0.196969696969697	0.647727272727273	px=-1.5; pz=3.2	0.1	2
0.196969696969697	0.761363636363636	px=-1.5; pz=3.7	0	2
0.196969696969697	0.875	px=-1.5; pz=4.2	0	2
0.297979797979798	0.0795454545454545	px=-1; pz=0.7	0	2
0.297979797979798	0.193181818181818	px=-1; pz=1.2	1.1	2
0.297979797979798	0.306818181818182	px=-1; pz=1.7	2.4	2
0.297979797979798	0.420454545454545	px=-1; pz=2.2	1	2
0.297979797979798	0.534090909090909	px=-1; pz=2.7	1	2
0.297979797979798	0.647727272727273	px=-1; pz=3.2	0.8	2
0.297979797979798	0.761363636363636	px=-1; pz=3.7	0.4	2
0.297979797979798	0.875	px=-1; pz=4.2	0	2
0.398989898989899	0.0795454545454545	px=-0.5; pz=0.7	0	2
0.398989898989899	0.193181818181818	px=-0.5; pz=1.2	2.3	2
0.398989898989899	0.306818181818182	px=-0.5; pz=1.7	2.6	2
0.398989898989899	0.420454545454545	px=-0.5; pz=2.2	1	2
0.398989898989899	0.534090909090909	px=-0.5; pz=2.7	1	2
0.398989898989899	0.647727272727273	px=-0.5; pz=3.2	1	2
0.398989898989899	0.761363636363636	px=-0.5; pz=3.7	1	2
0.398989898989899	0.875	px=-0.5; pz=4.2	0.2	2
0.5	0.0795454545454545	px=0; pz=0.7	0	2
0.5	0.193181818181818	px=0; pz=1.2	2.7	2
0.5	0.306818181818182	px=0; pz=1.7	2.2	2
0.5	0.420454545454545	px=0; pz=2.2	1	2
0.5	0.534090909090909	px=0; pz=2.7	1	2
0.5	0.647727272727273	px=0; pz=3.2	1	2
0.5	0.761363636363636	px=0; pz=3.7	1	2
0.5	0.875	px=0; pz=4.2	0.2	2
0.601010101010101	0.0795454545454545	px=0.5; pz=0.7	0	2
0.601010101010101	0.193181818181818	px=0.5; pz=1.2	2.5	2
0.601010101010101	0.306818181818182	px=0.5; pz=1.7	1.9	2
0.601010101010101	0.420454545454545	px=0.5; pz=2.2	1	2
0.601010101010101	0.534090909090909	px=0.5; pz=2.7	1	2
0.601010101010101	0.647727272727273	px=0.5; pz=3.2	1	2
0.601010101010101	0.761363636363636	px=0.5; pz=3.7	0.7	2
0.601010101010101	0.875	px=0.5; pz=4.2	0	2
0.702020202020202	0.0795454545454545	px=1; pz=0.7	0	2
0.702020202020202	0.193181818181818	px=1; pz=1.2	0.6	2
0.702020202020202	0.306818181818182	px=1; pz=1.7	1.6	2
0.702020202020202	0.420454545454545	px=1; pz=2.2	0.7	2
0.702020202020202	0.534090909090909	px=1; pz=2.7	0.6	2
0.702020202020202	0.647727272727273	px=1; pz=3.2	0.5	2
0.702020202020202	0.761363636363636	px=1; pz=3.7	0.1	2
0.702020202020202	0.875	px=1; pz=4.2	0	2
0.803030303030303	0.0795454545454545	px=1.5; pz=0.7	0	2
0.803030303030303	0.193181818181818	px=1.5; pz=1.2	0	2
0.803030303030303	0.306818181818182	px=1.5; pz=1.7	0.1	2
0.803030303030303	0.420454545454545	px=1.5; pz=2.2	0.1	2
0.803030303030303	0.534090909090909	px=1.5; pz=2.7	0.1	2
0.803030303030303	0.647727272727273	px=1.5; pz=3.2	0	2
0.803030303030303	0.761363636363636	px=1.5; pz=3.7	0	2
0.803030303030303	0.875	px=1.5; pz=4.2	0	2
0.904040404040404	0.0795454545454545	px=2; pz=0.7	0	2
0.904040404040404	0.193181818181818	px=2; pz=1.2	0	2
0.904040404040404	0.306818181818182	px=2; pz=1.7	0	2
0.904040404040404	0.420454545454545	px=2; pz=2.2	0	2
0.904040404040404	0.534090909090909	px=2; pz=2.7	0	2
0.904040404040404	0.647727272727273	px=2; pz=3.2	0	2
0.904040404040404	0.761363636363636	px=2; pz=3.7	0	2
0.904040404040404	0.875	px=2; pz=4.2	0	2
0.095959595959596	0.0795454545454545	px=-2; pz=0.7	0	3
0.095959595959596	0.193181818181818	px=-2; pz=1.2	0.3	3
0.095959595959596	0.306818181818182	px=-2; pz=1.7	1	3
0.095959595959596	0.420454545454545	px=-2; pz=2.2	1.5	3
0.095959595959596	0.534090909090909	px=-2; pz=2.7	6.1	3
0.095959595959596	0.647727272727273	px=-2; pz=3.2	42.2	3
0.095959595959596	0.761363636363636	px=-2; pz=3.7	109.2	3
0.095959595959596	0.875	px=-2; pz=4.2	146.2	3
0.196969696969697	0.0795454545454545	px=-1.5; pz=0.7	0	3
0.196969696969697	0.193181818181818	px=-1.5; pz=1.2	0.3	3
0.196969696969697	0.306818181818182	px=-1.5; pz=1.7	0.6	3
0.196969696969697	0.420454545454545	px=-1.5; pz=2.2	0.2	3
0.196969696969697	0.534090909090909	px=-1.5; pz=2.7	0.2	3
0.196969696969697	0.647727272727273	px=-1.5; pz=3.2	0.7	3
0.196969696969697	0.761363636363636	px=-1.5; pz=3.7	1.1	3
0.196969696969697	0.875	px=-1.5; pz=4.2	1.6	3
0.297979797979798	0.0795454545454545	px=-1; pz=0.7	0	3
0.297979797979798	0.193181818181818	px=-1; pz=1.2	1.5	3
0.297979797979798	0.306818181818182	px=-1; pz=1.7	2.4	3
0.297979797979798	0.420454545454545	px=-1; pz=2.2	0.9	3
0.297979797979798	0.534090909090909	px=-1; pz=2.7	0.8	3
0.297979797979798	0.647727272727273	px=-1; pz=3.2	0.5	3
0.297979797979798	0.761363636363636	px=-1; pz=3.7	0.3	3
0.297979797979798	0.875	px=-1; pz=4.2	0.3	3
0.398989898989899	0.0795454545454545	px=-0.5; pz=0.7	0	3
0.398989898989899	0.193181818181818	px=-0.5; pz=1.2	4.2	3
0.398989898989899	0.306818181818182	px=-0.5; pz=1.7	2.5	3
0.398989898989899	0.420454545454545	px=-0.5; pz=2.2	1	3
0.398989898989899	0.534090909090909	px=-0.5; pz=2.7	1	3
0.398989898989899	0.647727272727273	px=-0.5; pz=3.2	1	3
0.398989898989899	0.761363636363636	px=-0.5; pz=3.7	0.5	3
0.398989898989899	0.875	px=-0.5; pz=4.2	0.4	3
0.5	0.0795454545454545	px=0; pz=0.7	0.1	3
0.5	0.193181818181818	px=0; pz=1.2	6.9	3
0.5	0.306818181818182	px=0; pz=1.7	3.4	3
0.5	0.420454545454545	px=0; pz=2.2	1.1	3
0.5	0.534090909090909	px=0; pz=2.7	1	3
0.5	0.647727272727273	px=0; pz=3.2	1	3
0.5	0.761363636363636	px=0; pz=3.7	1	3
0.5	0.875	px=0; pz=4.2	0.6	3
0.601010101010101	0.0795454545454545	px=0.5; pz=0.7	0.1	3
0.601010101010101	0.193181818181818	px=0.5; pz=1.2	9.9	3
0.601010101010101	0.306818181818182	px=0.5; pz=1.7	3.3	3
0.601010101010101	0.420454545454545	px=0.5; pz=2.2	1.1	3
0.601010101010101	0.534090909090909	px=0.5; pz=2.7	1	3
0.601010101010101	0.647727272727273	px=0.5; pz=3.2	1	3
0.601010101010101	0.761363636363636	px=0.5; pz=3.7	1	3
0.601010101010101	0.875	px=0.5; pz=4.2	0.3	3
0.702020202020202	0.0795454545454545	px=1; pz=0.7	0.1	3
0.702020202020202	0.193181818181818	px=1; pz=1.2	2.3	3
0.702020202020202	0.306818181818182	px=1; pz=1.7	1.4	3
0.702020202020202	0.420454545454545	px=1; pz=2.2	0.4	3
0.702020202020202	0.534090909090909	px=1; pz=2.7	0.4	3
0.702020202020202	0.647727272727273	px=1; pz=3.2	0.6	3
0.702020202020202	0.761363636363636	px=1; pz=3.7	0.5	3
0.702020202020202	0.875	px=1; pz=4.2	0.1	3
0.803030303030303	0.0795454545454545	px=1.5; pz=0.7	0	3
0.803030303030303	0.193181818181818	px=1.5; pz=1.2	0.1	3
0.803030303030303	0.306818181818182	px=1.5; pz=1.7	0.4	3
0.803030303030303	0.420454545454545	px=1.5; pz=2.2	0.5	3
0.803030303030303	0.534090909090909	px=1.5; pz=2.7	0.6	3
0.803030303030303	0.647727272727273	px=1.5; pz=3.2	0.5	3
0.803030303030303	0.761363636363636	px=1.5; pz=3.7	0.2	3
0.803030303030303	0.875	px=1.5; pz=4.2	0	3
0.904040404040404	0.0795454545454545	px=2; pz=0.7	0	3
0.904040404040404	0.193181818181818	px=2; pz=1.2	0	3
0.904040404040404	0.306818181818182	px=2; pz=1.7	0.1	3
0.904040404040404	0.420454545454545	px=2; pz=2.2	0.4	3
0.904040404040404	0.534090909090909	px=2; pz=2.7	0.7	3
0.904040404040404	0.647727272727273	px=2; pz=3.2	0.3	3
0.904040404040404	0.761363636363636	px=2; pz=3.7	0	3
0.904040404040404	0.875	px=2; pz=4.2	0	3
0.095959595959596	0.0795454545454545	px=-2; pz=0.7	0	4
0.095959595959596	0.193181818181818	px=-2; pz=1.2	0	4
0.095959595959596	0.306818181818182	px=-2; pz=1.7	0	4
0.095959595959596	0.420454545454545	px=-2; pz=2.2	0.2	4
0.095959595959596	0.534090909090909	px=-2; pz=2.7	0.6	4
0.095959595959596	0.647727272727273	px=-2; pz=3.2	0.5	4
0.095959595959596	0.761363636363636	px=-2; pz=3.7	0.2	4
0.095959595959596	0.875	px=-2; pz=4.2	0.1	4
0.196969696969697	0.0795454545454545	px=-1.5; pz=0.7	0	4
0.196969696969697	0.193181818181818	px=-1.5; pz=1.2	0	4
0.196969696969697	0.306818181818182	px=-1.5; pz=1.7	0.3	4
0.196969696969697	0.420454545454545	px=-1.5; pz=2.2	0.3	4
0.196969696969697	0.534090909090909	px=-1.5; pz=2.7	0.6	4
0.196969696969697	0.647727272727273	px=-1.5; pz=3.2	0.5	4
0.196969696969697	0.761363636363636	px=-1.5; pz=3.7	0.4	4
0.196969696969697	0.875	px=-1.5; pz=4.2	0.3	4
0.297979797979798	0.0795454545454545	px=-1; pz=0.7	0	4
0.297979797979798	0.193181818181818	px=-1; pz=1.2	1	4
0.297979797979798	0.306818181818182	px=-1; pz=1.7	2.6	4
0.297979797979798	0.420454545454545	px=-1; pz=2.2	0.8	4
0.297979797979798	0.534090909090909	px=-1; pz=2.7	0.8	4
0.297979797979798	0.647727272727273	px=-1; pz=3.2	0.8	4
0.297979797979798	0.761363636363636	px=-1; pz=3.7	0.9	4
0.297979797979798	0.875	px=-1; pz=4.2	0.7	4
0.398989898989899	0.0795454545454545	px=-0.5; pz=0.7	0	4
0.398989898989899	0.193181818181818	px=-0.5; pz=1.2	5.6	4
0.398989898989899	0.306818181818182	px=-0.5; pz=1.7	3.6	4
0.398989898989899	0.420454545454545	px=-0.5; pz=2.2	1.1	4
0.398989898989899	0.534090909090909	px=-0.5; pz=2.7	1	4
0.398989898989899	0.647727272727273	px=-0.5; pz=3.2	1	4
0.398989898989899	0.761363636363636	px=-0.5; pz=3.7	1.2	4
0.398989898989899	0.875	px=-0.5; pz=4.2	0.7	4
0.5	0.0795454545454545	px=0; pz=0.7	0	4
0.5	0.193181818181818	px=0; pz=1.2	4.5	4
0.5	0.306818181818182	px=0; pz=1.7	3.3	4
0.5	0.420454545454545	px=0; pz=2.2	1.1	4
0.5	0.534090909090909	px=0; pz=2.7	1	4
0.5	0.647727272727273	px=0; pz=3.2	1	4
0.5	0.761363636363636	px=0; pz=3.7	0.7	4
0.5	0.875	px=0; pz=4.2	0.1	4
0.601010101010101	0.0795454545454545	px=0.5; pz=0.7	0	4
0.601010101010101	0.193181818181818	px=0.5; pz=1.2	4.5	4
0.601010101010101	0.306818181818182	px=0.5; pz=1.7	2.3	4
0.601010101010101	0.420454545454545	px=0.5; pz=2.2	1	4
0.601010101010101	0.534090909090909	px=0.5; pz=2.7	1	4
0.601010101010101	0.647727272727273	px=0.5; pz=3.2	1	4
0.601010101010101	0.761363636363636	px=0.5; pz=3.7	0.3	4
0.601010101010101	0.875	px=0.5; pz=4.2	0	4
0.702020202020202	0.0795454545454545	px=1; pz=0.7	0.1	4
0.702020202020202	0.193181818181818	px=1; pz=1.2	2.4	4
0.702020202020202	0.306818181818182	px=1; pz=1.7	2.1	4
0.702020202020202	0.420454545454545	px=1; pz=2.2	0.6	4
0.702020202020202	0.534090909090909	px=1; pz=2.7	0.5	4
0.702020202020202	0.647727272727273	px=1; pz=3.2	0.5	4
0.702020202020202	0.761363636363636	px=1; pz=3.7	0.1	4
0.702020202020202	0.875	px=1; pz=4.2	0	4
0.803030303030303	0.0795454545454545	px=1.5; pz=0.7	0	4
0.803030303030303	0.193181818181818	px=1.5; pz=1.2	0.1	4
0.803030303030303	0.306818181818182	px=1.5; pz=1.7	0.1	4
0.803030303030303	0.420454545454545	px=1.5; pz=2.2	0.1	4
0.803030303030303	0.534090909090909	px=1.5; pz=2.7	0	4
0.803030303030303	0.647727272727273	px=1.5; pz=3.2	0	4
0.803030303030303	0.761363636363636	px=1.5; pz=3.7	0	4
0.803030303030303	0.875	px=1.5; pz=4.2	0	4
0.904040404040404	0.0795454545454545	px=2; pz=0.7	0	4
0.904040404040404	0.193181818181818	px=2; pz=1.2	0	4
0.904040404040404	0.306818181818182	px=2; pz=1.7	0	4
0.904040404040404	0.420454545454545	px=2; pz=2.2	0	4
0.904040404040404	0.534090909090909	px=2; pz=2.7	0	4
0.904040404040404	0.647727272727273	px=2; pz=3.2	0	4
0.904040404040404	0.761363636363636	px=2; pz=3.7	0	4
0.904040404040404	0.875	px=2; pz=4.2	0	4
0.095959595959596	0.0795454545454545	px=-2; pz=0.7	0.2	5
0.095959595959596	0.193181818181818	px=-2; pz=1.2	0.4	5
0.095959595959596	0.306818181818182	px=-2; pz=1.7	0.2	5
0.095959595959596	0.420454545454545	px=-2; pz=2.2	0	5
0.095959595959596	0.534090909090909	px=-2; pz=2.7	0	5
0.095959595959596	0.647727272727273	px=-2; pz=3.2	0	5
0.095959595959596	0.761363636363636	px=-2; pz=3.7	0	5
0.095959595959596	0.875	px=-2; pz=4.2	0	5
0.196969696969697	0.0795454545454545	px=-1.5; pz=0.7	0.4	5
0.196969696969697	0.193181818181818	px=-1.5; pz=1.2	2.3	5
0.196969696969697	0.306818181818182	px=-1.5; pz=1.7	1.4	5
0.196969696969697	0.420454545454545	px=-1.5; pz=2.2	0.1	5
0.196969696969697	0.534090909090909	px=-1.5; pz=2.7	0.1	5
0.196969696969697	0.647727272727273	px=-1.5; pz=3.2	0.2	5
0.196969696969697	0.761363636363636	px=-1.5; pz=3.7	0.1	5
0.196969696969697	0.875	px=-1.5; pz=4.2	0.1	5
0.297979797979798	0.0795454545454545	px=-1; pz=0.7	0.8	5
0.297979797979798	0.193181818181818	px=-1; pz=1.2	7.7	5
0.297979797979798	0.306818181818182	px=-1; pz=1.7	6	5
0.297979797979798	0.420454545454545	px=-1; pz=2.2	0.9	5
0.297979797979798	0.534090909090909	px=-1; pz=2.7	0.7	5
0.297979797979798	0.647727272727273	px=-1; pz=3.2	0.7	5
0.297979797979798	0.761363636363636	px=-1; pz=3.7	0.3	5
0.297979797979798	0.875	px=-1; pz=4.2	0.2	5
0.398989898989899	0.0795454545454545	px=-0.5; pz=0.7	1.5	5
0.398989898989899	0.193181818181818	px=-0.5; pz=1.2	7.6	5
0.398989898989899	0.306818181818182	px=-0.5; pz=1.7	4.8	5
0.398989898989899	0.420454545454545	px=-0.5; pz=2.2	1.1	5
0.398989898989899	0.534090909090909	px=-0.5; pz=2.7	1.1	5
0.398989898989899	0.647727272727273	px=-0.5; pz=3.2	1.2	5
0.398989898989899	0.761363636363636	px=-0.5; pz=3.7	0.4	5
0.398989898989899	0.875	px=-0.5; pz=4.2	0.4	5
0.5	0.0795454545454545	px=0; pz=0.7	3.9	5
0.5	0.193181818181818	px=0; pz=1.2	6.9	5
0.5	0.306818181818182	px=0; pz=1.7	3.7	5
0.5	0.420454545454545	px=0; pz=2.2	1.2	5
0.5	0.534090909090909	px=0; pz=2.7	1	5
0.5	0.647727272727273	px=0; pz=3.2	1.2	5
0.5	0.761363636363636	px=0; pz=3.7	0.9	5
0.5	0.875	px=0; pz=4.2	0.8	5
0.601010101010101	0.0795454545454545	px=0.5; pz=0.7	5.4	5
0.601010101010101	0.193181818181818	px=0.5; pz=1.2	4.8	5
0.601010101010101	0.306818181818182	px=0.5; pz=1.7	2.2	5
0.601010101010101	0.420454545454545	px=0.5; pz=2.2	1.1	5
0.601010101010101	0.534090909090909	px=0.5; pz=2.7	1	5
0.601010101010101	0.647727272727273	px=0.5; pz=3.2	1	5
0.601010101010101	0.761363636363636	px=0.5; pz=3.7	1	5
0.601010101010101	0.875	px=0.5; pz=4.2	0.8	5
0.702020202020202	0.0795454545454545	px=1; pz=0.7	2.1	5
0.702020202020202	0.193181818181818	px=1; pz=1.2	1.4	5
0.702020202020202	0.306818181818182	px=1; pz=1.7	1	5
0.702020202020202	0.420454545454545	px=1; pz=2.2	0.7	5
0.702020202020202	0.534090909090909	px=1; pz=2.7	0.4	5
0.702020202020202	0.647727272727273	px=1; pz=3.2	0.3	5
0.702020202020202	0.761363636363636	px=1; pz=3.7	0.4	5
0.702020202020202	0.875	px=1; pz=4.2	0.2	5
0.803030303030303	0.0795454545454545	px=1.5; pz=0.7	0.8	5
0.803030303030303	0.193181818181818	px=1.5; pz=1.2	0.8	5
0.803030303030303	0.306818181818182	px=1.5; pz=1.7	1.2	5
0.803030303030303	0.420454545454545	px=1.5; pz=2.2	1	5
0.803030303030303	0.534090909090909	px=1.5; pz=2.7	0.3	5
0.803030303030303	0.647727272727273	px=1.5; pz=3.2	0.1	5
0.803030303030303	0.761363636363636	px=1.5; pz=3.7	0.1	5
0.803030303030303	0.875	px=1.5; pz=4.2	0	5
0.904040404040404	0.0795454545454545	px=2; pz=0.7	0.5	5
0.904040404040404	0.193181818181818	px=2; pz=1.2	0.8	5
0.904040404040404	0.306818181818182	px=2; pz=1.7	1.7	5
0.904040404040404	0.420454545454545	px=2; pz=2.2	1.3	5
0.904040404040404	0.534090909090909	px=2; pz=2.7	0.3	5
0.904040404040404	0.647727272727273	px=2; pz=3.2	0.1	5
0.904040404040404	0.761363636363636	px=2; pz=3.7	0	5
0.904040404040404	0.875	px=2; pz=4.2	0	5
0.095959595959596	0.0795454545454545	px=-2; pz=0.7	0	6
0.095959595959596	0.193181818181818	px=-2; pz=1.2	0.1	6
0.095959595959596	0.306818181818182	px=-2; pz=1.7	0	6
0.095959595959596	0.420454545454545	px=-2; pz=2.2	0	6
0.095959595959596	0.534090909090909	px=-2; pz=2.7	0	6
0.095959595959596	0.647727272727273	px=-2; pz=3.2	0	6
0.095959595959596	0.761363636363636	px=-2; pz=3.7	0	6
0.095959595959596	0.875	px=-2; pz=4.2	0.1	6
0.196969696969697	0.0795454545454545	px=-1.5; pz=0.7	0.2	6
0.196969696969697	0.193181818181818	px=-1.5; pz=1.2	1	6
0.196969696969697	0.306818181818182	px=-1.5; pz=1.7	0.6	6
0.196969696969697	0.420454545454545	px=-1.5; pz=2.2	0.2	6
0.196969696969697	0.534090909090909	px=-1.5; pz=2.7	0.2	6
0.196969696969697	0.647727272727273	px=-1.5; pz=3.2	0.1	6
0.196969696969697	0.761363636363636	px=-1.5; pz=3.7	0.1	6
0.196969696969697	0.875	px=-1.5; pz=4.2	0.3	6
0.297979797979798	0.0795454545454545	px=-1; pz=0.7	0.4	6
0.297979797979798	0.193181818181818	px=-1; pz=1.2	6.2	6
0.297979797979798	0.306818181818182	px=-1; pz=1.7	3.2	6
0.297979797979798	0.420454545454545	px=-1; pz=2.2	0.9	6
0.297979797979798	0.534090909090909	px=-1; pz=2.7	0.9	6
0.297979797979798	0.647727272727273	px=-1; pz=3.2	0.8	6
0.297979797979798	0.761363636363636	px=-1; pz=3.7	0.5	6
0.297979797979798	0.875	px=-1; pz=4.2	1	6
0.398989898989899	0.0795454545454545	px=-0.5; pz=0.7	0.1	6
0.398989898989899	0.193181818181818	px=-0.5; pz=1.2	5.2	6
0.398989898989899	0.306818181818182	px=-0.5; pz=1.7	4.7	6
0.398989898989899	0.420454545454545	px=-0.5; pz=2.2	1.1	6
0.398989898989899	0.534090909090909	px=-0.5; pz=2.7	1	6
0.398989898989899	0.647727272727273	px=-0.5; pz=3.2	1.2	6
0.398989898989899	0.761363636363636	px=-0.5; pz=3.7	1.5	6
0.398989898989899	0.875	px=-0.5; pz=4.2	2.3	6
0.5	0.0795454545454545	px=0; pz=0.7	0	6
0.5	0.193181818181818	px=0; pz=1.2	1.2	6
0.5	0.306818181818182	px=0; pz=1.7	5.5	6
0.5	0.420454545454545	px=0; pz=2.2	1.2	6
0.5	0.534090909090909	px=0; pz=2.7	1	6
0.5	0.647727272727273	px=0; pz=3.2	1	6
0.5	0.761363636363636	px=0; pz=3.7	1	6
0.5	0.875	px=0; pz=4.2	2	6
0.601010101010101	0.0795454545454545	px=0.5; pz=0.7	0	6
0.601010101010101	0.193181818181818	px=0.5; pz=1.2	0.9	6
0.601010101010101	0.306818181818182	px=0.5; pz=1.7	2.4	6
0.601010101010101	0.420454545454545	px=0.5; pz=2.2	1.1	6
0.601010101010101	0.534090909090909	px=0.5; pz=2.7	1	6
0.601010101010101	0.647727272727273	px=0.5; pz=3.2	0.9	6
0.601010101010101	0.761363636363636	px=0.5; pz=3.7	0.9	6
0.601010101010101	0.875	px=0.5; pz=4.2	1.9	6
0.702020202020202	0.0795454545454545	px=1; pz=0.7	0.4	6
0.702020202020202	0.193181818181818	px=1; pz=1.2	5.9	6
0.702020202020202	0.306818181818182	px=1; pz=1.7	3.1	6
0.702020202020202	0.420454545454545	px=1; pz=2.2	0.5	6
0.702020202020202	0.534090909090909	px=1; pz=2.7	0.5	6
0.702020202020202	0.647727272727273	px=1; pz=3.2	0.9	6
0.702020202020202	0.761363636363636	px=1; pz=3.7	2.1	6
0.702020202020202	0.875	px=1; pz=4.2	3.3	6
0.803030303030303	0.0795454545454545	px=1.5; pz=0.7	1.4	6
0.803030303030303	0.193181818181818	px=1.5; pz=1.2	6.6	6
0.803030303030303	0.306818181818182	px=1.5; pz=1.7	1.6	6
0.803030303030303	0.420454545454545	px=1.5; pz=2.2	0.1	6
0.803030303030303	0.534090909090909	px=1.5; pz=2.7	0.1	6
0.803030303030303	0.647727272727273	px=1.5; pz=3.2	0.8	6
0.803030303030303	0.761363636363636	px=1.5; pz=3.7	3	6
0.803030303030303	0.875	px=1.5; pz=4.2	3.8	6
0.904040404040404	0.0795454545454545	px=2; pz=0.7	0.3	6
0.904040404040404	0.193181818181818	px=2; pz=1.2	0.4	6
0.904040404040404	0.306818181818182	px=2; pz=1.7	0.1	6
0.904040404040404	0.420454545454545	px=2; pz=2.2	0	6
0.904040404040404	0.534090909090909	px=2; pz=2.7	0	6
0.904040404040404	0.647727272727273	px=2; pz=3.2	0.2	6
0.904040404040404	0.761363636363636	px=2; pz=3.7	0.8	6
0.904040404040404	0.875	px=2; pz=4.2	1.4	6
0.095959595959596	0.0795454545454545	px=-2; pz=0.7	0	7
0.095959595959596	0.193181818181818	px=-2; pz=1.2	0	7
0.095959595959596	0.306818181818182	px=-2; pz=1.7	0	7
0.095959595959596	0.420454545454545	px=-2; pz=2.2	0	7
0.095959595959596	0.534090909090909	px=-2; pz=2.7	0	7
0.095959595959596	0.647727272727273	px=-2; pz=3.2	0	7
0.095959595959596	0.761363636363636	px=-2; pz=3.7	0	7
0.095959595959596	0.875	px=-2; pz=4.2	0	7
0.196969696969697	0.0795454545454545	px=-1.5; pz=0.7	0	7
0.196969696969697	0.193181818181818	px=-1.5; pz=1.2	0	7
0.196969696969697	0.306818181818182	px=-1.5; pz=1.7	0.1	7
0.196969696969697	0.420454545454545	px=-1.5; pz=2.2	0.1	7
0.196969696969697	0.534090909090909	px=-1.5; pz=2.7	0.1	7
0.196969696969697	0.647727272727273	px=-1.5; pz=3.2	0.1	7
0.196969696969697	0.761363636363636	px=-1.5; pz=3.7	0	7
0.196969696969697	0.875	px=-1.5; pz=4.2	0	7
0.297979797979798	0.0795454545454545	px=-1; pz=0.7	0	7
0.297979797979798	0.193181818181818	px=-1; pz=1.2	2.5	7
0.297979797979798	0.306818181818182	px=-1; pz=1.7	1.7	7
0.297979797979798	0.420454545454545	px=-1; pz=2.2	0.9	7
0.297979797979798	0.534090909090909	px=-1; pz=2.7	0.8	7
0.297979797979798	0.647727272727273	px=-1; pz=3.2	0.7	7
0.297979797979798	0.761363636363636	px=-1; pz=3.7	0.1	7
0.297979797979798	0.875	px=-1; pz=4.2	0	7
0.398989898989899	0.0795454545454545	px=-0.5; pz=0.7	0.1	7
0.398989898989899	0.193181818181818	px=-0.5; pz=1.2	7.3	7
0.398989898989899	0.306818181818182	px=-0.5; pz=1.7	1.6	7
0.398989898989899	0.420454545454545	px=-0.5; pz=2.2	1	7
0.398989898989899	0.534090909090909	px=-0.5; pz=2.7	1	7
0.398989898989899	0.647727272727273	px=-0.5; pz=3.2	1	7
0.398989898989899	0.761363636363636	px=-0.5; pz=3.7	0.5	7
0.398989898989899	0.875	px=-0.5; pz=4.2	0	7
0.5	0.0795454545454545	px=0; pz=0.7	0.1	7
0.5	0.193181818181818	px=0; pz=1.2	5.8	7
0.5	0.306818181818182	px=0; pz=1.7	1.9	7
0.5	0.420454545454545	px=0; pz=2.2	1	7
0.5	0.534090909090909	px=0; pz=2.7	1	7
0.5	0.647727272727273	px=0; pz=3.2	1	7
0.5	0.761363636363636	px=0; pz=3.7	0.8	7
0.5	0.875	px=0; pz=4.2	0	7
0.601010101010101	0.0795454545454545	px=0.5; pz=0.7	0	7
0.601010101010101	0.193181818181818	px=0.5; pz=1.2	4.1	7
0.601010101010101	0.306818181818182	px=0.5; pz=1.7	2.8	7
0.601010101010101	0.420454545454545	px=0.5; pz=2.2	1.1	7
0.601010101010101	0.534090909090909	px=0.5; pz=2.7	1	7
0.601010101010101	0.647727272727273	px=0.5; pz=3.2	1	7
0.601010101010101	0.761363636363636	px=0.5; pz=3.7	0.7	7
0.601010101010101	0.875	px=0.5; pz=4.2	0	7
0.702020202020202	0.0795454545454545	px=1; pz=0.7	0	7
0.702020202020202	0.193181818181818	px=1; pz=1.2	0.3	7
0.702020202020202	0.306818181818182	px=1; pz=1.7	1	7
0.702020202020202	0.420454545454545	px=1; pz=2.2	0.8	7
0.702020202020202	0.534090909090909	px=1; pz=2.7	0.5	7
0.702020202020202	0.647727272727273	px=1; pz=3.2	0.3	7
0.702020202020202	0.761363636363636	px=1; pz=3.7	0.1	7
0.702020202020202	0.875	px=1; pz=4.2	0	7
0.803030303030303	0.0795454545454545	px=1.5; pz=0.7	0	7
0.803030303030303	0.193181818181818	px=1.5; pz=1.2	0	7
0.803030303030303	0.306818181818182	px=1.5; pz=1.7	0	7
0.803030303030303	0.420454545454545	px=1.5; pz=2.2	0.1	7
0.803030303030303	0.534090909090909	px=1.5; pz=2.7	0.1	7
0.803030303030303	0.647727272727273	px=1.5; pz=3.2	0	7
0.803030303030303	0.761363636363636	px=1.5; pz=3.7	0	7
0.803030303030303	0.875	px=1.5; pz=4.2	0	7
0.904040404040404	0.0795454545454545	px=2; pz=0.7	0	7
0.904040404040404	0.193181818181818	px=2; pz=1.2	0	7
0.904040404040404	0.306818181818182	px=2; pz=1.7	0	7
0.904040404040404	0.420454545454545	px=2; pz=2.2	0	7
0.904040404040404	0.534090909090909	px=2; pz=2.7	0	7
0.904040404040404	0.647727272727273	px=2; pz=3.2	0	7
0.904040404040404	0.761363636363636	px=2; pz=3.7	0	7
0.904040404040404	0.875	px=2; pz=4.2	0	7
0.095959595959596	0.0795454545454545	px=-2; pz=0.7	0.1	8
0.095959595959596	0.193181818181818	px=-2; pz=1.2	0.8	8
0.095959595959596	0.306818181818182	px=-2; pz=1.7	1.2	8
0.095959595959596	0.420454545454545	px=-2; pz=2.2	0.7	8
0.095959595959596	0.534090909090909	px=-2; pz=2.7	0.2	8
0.095959595959596	0.647727272727273	px=-2; pz=3.2	0	8
0.095959595959596	0.761363636363636	px=-2; pz=3.7	0	8
0.095959595959596	0.875	px=-2; pz=4.2	0	8
0.196969696969697	0.0795454545454545	px=-1.5; pz=0.7	0.1	8
0.196969696969697	0.193181818181818	px=-1.5; pz=1.2	1.1	8
0.196969696969697	0.306818181818182	px=-1.5; pz=1.7	1.3	8
0.196969696969697	0.420454545454545	px=-1.5; pz=2.2	0.6	8
0.196969696969697	0.534090909090909	px=-1.5; pz=2.7	0.4	8
0.196969696969697	0.647727272727273	px=-1.5; pz=3.2	0.2	8
0.196969696969697	0.761363636363636	px=-1.5; pz=3.7	0	8
0.196969696969697	0.875	px=-1.5; pz=4.2	0	8
0.297979797979798	0.0795454545454545	px=-1; pz=0.7	0.1	8
0.297979797979798	0.193181818181818	px=-1; pz=1.2	1.8	8
0.297979797979798	0.306818181818182	px=-1; pz=1.7	2.1	8
0.297979797979798	0.420454545454545	px=-1; pz=2.2	1	8
0.297979797979798	0.534090909090909	px=-1; pz=2.7	0.9	8
0.297979797979798	0.647727272727273	px=-1; pz=3.2	0.9	8
0.297979797979798	0.761363636363636	px=-1; pz=3.7	0.3	8
0.297979797979798	0.875	px=-1; pz=4.2	0	8
0.398989898989899	0.0795454545454545	px=-0.5; pz=0.7	0	8
0.398989898989899	0.193181818181818	px=-0.5; pz=1.2	2.8	8
0.398989898989899	0.306818181818182	px=-0.5; pz=1.7	2.2	8
0.398989898989899	0.420454545454545	px=-0.5; pz=2.2	1	8
0.398989898989899	0.534090909090909	px=-0.5; pz=2.7	1	8
0.398989898989899	0.647727272727273	px=-0.5; pz=3.2	1	8
0.398989898989899	0.761363636363636	px=-0.5; pz=3.7	0.8	8
0.398989898989899	0.875	px=-0.5; pz=4.2	0.1	8
0.5	0.0795454545454545	px=0; pz=0.7	0	8
0.5	0.193181818181818	px=0; pz=1.2	4	8
0.5	0.306818181818182	px=0; pz=1.7	1.9	8
0.5	0.420454545454545	px=0; pz=2.2	1	8
0.5	0.534090909090909	px=0; pz=2.7	1	8
0.5	0.647727272727273	px=0; pz=3.2	1	8
0.5	0.761363636363636	px=0; pz=3.7	0.8	8
0.5	0.875	px=0; pz=4.2	0.1	8
0.601010101010101	0.0795454545454545	px=0.5; pz=0.7	0	8
0.601010101010101	0.193181818181818	px=0.5; pz=1.2	4.3	8
0.601010101010101	0.306818181818182	px=0.5; pz=1.7	1.8	8
0.601010101010101	0.420454545454545	px=0.5; pz=2.2	1	8
0.601010101010101	0.534090909090909	px=0.5; pz=2.7	1	8
0.601010101010101	0.647727272727273	px=0.5; pz=3.2	0.9	8
0.601010101010101	0.761363636363636	px=0.5; pz=3.7	0.5	8
0.601010101010101	0.875	px=0.5; pz=4.2	0.1	8
0.702020202020202	0.0795454545454545	px=1; pz=0.7	0	8
0.702020202020202	0.193181818181818	px=1; pz=1.2	1	8
0.702020202020202	0.306818181818182	px=1; pz=1.7	1.3	8
0.702020202020202	0.420454545454545	px=1; pz=2.2	0.7	8
0.702020202020202	0.534090909090909	px=1; pz=2.7	0.7	8
0.702020202020202	0.647727272727273	px=1; pz=3.2	0.5	8
0.702020202020202	0.761363636363636	px=1; pz=3.7	0.2	8
0.702020202020202	0.875	px=1; pz=4.2	0	8
0.803030303030303	0.0795454545454545	px=1.5; pz=0.7	0	8
0.803030303030303	0.193181818181818	px=1.5; pz=1.2	0.2	8
0.803030303030303	0.306818181818182	px=1.5; pz=1.7	0.2	8
0.803030303030303	0.420454545454545	px=1.5; pz=2.2	0.2	8
0.803030303030303	0.534090909090909	px=1.5; pz=2.7	0.2	8
0.803030303030303	0.647727272727273	px=1.5; pz=3.2	0.1	8
0.803030303030303	0.761363636363636	px=1.5; pz=3.7	0	8
0.803030303030303	0.875	px=1.5; pz=4.2	0	8
0.904040404040404	0.0795454545454545	px=2; pz=0.7	0.1	8
0.904040404040404	0.193181818181818	px=2; pz=1.2	0.2	8
0.904040404040404	0.306818181818182	px=2; pz=1.7	0.2	8
0.904040404040404	0.420454545454545	px=2; pz=2.2	0.1	8
0.904040404040404	0.534090909090909	px=2; pz=2.7	0.1	8
0.904040404040404	0.647727272727273	px=2; pz=3.2	0	8
0.904040404040404	0.761363636363636	px=2; pz=3.7	0	8
0.904040404040404	0.875	px=2; pz=4.2	0	8
0.095959595959596	0.0795454545454545	px=-2; pz=0.7	0	9
0.095959595959596	0.193181818181818	px=-2; pz=1.2	0	9
0.095959595959596	0.306818181818182	px=-2; pz=1.7	0	9
0.095959595959596	0.420454545454545	px=-2; pz=2.2	0	9
0.095959595959596	0.534090909090909	px=-2; pz=2.7	0	9
0.095959595959596	0.647727272727273	px=-2; pz=3.2	0	9
0.095959595959596	0.761363636363636	px=-2; pz=3.7	0	9
0.095959595959596	0.875	px=-2; pz=4.2	0	9
0.196969696969697	0.0795454545454545	px=-1.5; pz=0.7	0	9
0.196969696969697	0.193181818181818	px=-1.5; pz=1.2	0	9
0.196969696969697	0.306818181818182	px=-1.5; pz=1.7	0.1	9
0.196969696969697	0.420454545454545	px=-1.5; pz=2.2	0.1	9
0.196969696969697	0.534090909090909	px=-1.5; pz=2.7	0.1	9
0.196969696969697	0.647727272727273	px=-1.5; pz=3.2	0.1	9
0.196969696969697	0.761363636363636	px=-1.5; pz=3.7	0	9
0.196969696969697	0.875	px=-1.5; pz=4.2	0	9
0.297979797979798	0.0795454545454545	px=-1; pz=0.7	0	9
0.297979797979798	0.193181818181818	px=-1; pz=1.2	2.8	9
0.297979797979798	0.306818181818182	px=-1; pz=1.7	2.4	9
0.297979797979798	0.420454545454545	px=-1; pz=2.2	0.9	9
0.297979797979798	0.534090909090909	px=-1; pz=2.7	0.8	9
0.297979797979798	0.647727272727273	px=-1; pz=3.2	0.7	9
0.297979797979798	0.761363636363636	px=-1; pz=3.7	0.5	9
0.297979797979798	0.875	px=-1; pz=4.2	0.3	9
0.398989898989899	0.0795454545454545	px=-0.5; pz=0.7	0.1	9
0.398989898989899	0.193181818181818	px=-0.5; pz=1.2	9.4	9
0.398989898989899	0.306818181818182	px=-0.5; pz=1.7	2.4	9
0.398989898989899	0.420454545454545	px=-0.5; pz=2.2	1	9
0.398989898989899	0.534090909090909	px=-0.5; pz=2.7	1	9
0.398989898989899	0.647727272727273	px=-0.5; pz=3.2	1	9
0.398989898989899	0.761363636363636	px=-0.5; pz=3.7	1.9	9
0.398989898989899	0.875	px=-0.5; pz=4.2	4.1	9
0.5	0.0795454545454545	px=0; pz=0.7	0	9
0.5	0.193181818181818	px=0; pz=1.2	3.2	9
0.5	0.306818181818182	px=0; pz=1.7	2.7	9
0.5	0.420454545454545	px=0; pz=2.2	1	9
0.5	0.534090909090909	px=0; pz=2.7	1	9
0.5	0.647727272727273	px=0; pz=3.2	1	9
0.5	0.761363636363636	px=0; pz=3.7	1.8	9
0.5	0.875	px=0; pz=4.2	10.5	9
0.601010101010101	0.0795454545454545	px=0.5; pz=0.7	0	9
0.601010101010101	0.193181818181818	px=0.5; pz=1.2	0.7	9
0.601010101010101	0.306818181818182	px=0.5; pz=1.7	3	9
0.601010101010101	0.420454545454545	px=0.5; pz=2.2	1.1	9
0.601010101010101	0.534090909090909	px=0.5; pz=2.7	1	9
0.601010101010101	0.647727272727273	px=0.5; pz=3.2	1	9
0.601010101010101	0.761363636363636	px=0.5; pz=3.7	1.9	9
0.601010101010101	0.875	px=0.5; pz=4.2	13.9	9
0.702020202020202	0.0795454545454545	px=1; pz=0.7	0	9
0.702020202020202	0.193181818181818	px=1; pz=1.2	0.1	9
0.702020202020202	0.306818181818182	px=1; pz=1.7	0.9	9
0.702020202020202	0.420454545454545	px=1; pz=2.2	0.3	9
0.702020202020202	0.534090909090909	px=1; pz=2.7	0.3	9
0.702020202020202	0.647727272727273	px=1; pz=3.2	0.5	9
0.702020202020202	0.761363636363636	px=1; pz=3.7	1.8	9
0.702020202020202	0.875	px=1; pz=4.2	12.7	9
0.803030303030303	0.0795454545454545	px=1.5; pz=0.7	0	9
0.803030303030303	0.193181818181818	px=1.5; pz=1.2	0	9
0.803030303030303	0.306818181818182	px=1.5; pz=1.7	0.1	9
0.803030303030303	0.420454545454545	px=1.5; pz=2.2	0	9
0.803030303030303	0.534090909090909	px=1.5; pz=2.7	0	9
0.803030303030303	0.647727272727273	px=1.5; pz=3.2	0.1	9
0.803030303030303	0.761363636363636	px=1.5; pz=3.7	0.6	9
0.803030303030303	0.875	px=1.5; pz=4.2	5.4	9
0.904040404040404	0.0795454545454545	px=2; pz=0.7	0	9
0.904040404040404	0.193181818181818	px=2; pz=1.2	0	9
0.904040404040404	0.306818181818182	px=2; pz=1.7	0	9
0.904040404040404	0.420454545454545	px=2; pz=2.2	0	9
0.904040404040404	0.534090909090909	px=2; pz=2.7	0	9
0.904040404040404	0.647727272727273	px=2; pz=3.2	0	9
0.904040404040404	0.761363636363636	px=2; pz=3.7	0.1	9
0.904040404040404	0.875	px=2; pz=4.2	1.4	9
0.095959595959596	0.0795454545454545	px=-2; pz=0.7	0.1	10
0.095959595959596	0.193181818181818	px=-2; pz=1.2	0.1	10
0.095959595959596	0.306818181818182	px=-2; pz=1.7	0.1	10
0.095959595959596	0.420454545454545	px=-2; pz=2.2	0	10
0.095959595959596	0.534090909090909	px=-2; pz=2.7	0	10
0.095959595959596	0.647727272727273	px=-2; pz=3.2	0.1	10
0.095959595959596	0.761363636363636	px=-2; pz=3.7	0	10
0.095959595959596	0.875	px=-2; pz=4.2	0	10
0.196969696969697	0.0795454545454545	px=-1.5; pz=0.7	0.3	10
0.196969696969697	0.193181818181818	px=-1.5; pz=1.2	0.7	10
0.196969696969697	0.306818181818182	px=-1.5; pz=1.7	0.4	10
0.196969696969697	0.420454545454545	px=-1.5; pz=2.2	0.2	10
0.196969696969697	0.534090909090909	px=-1.5; pz=2.7	0.2	10
0.196969696969697	0.647727272727273	px=-1.5; pz=3.2	0.2	10
0.196969696969697	0.761363636363636	px=-1.5; pz=3.7	0.1	10
0.196969696969697	0.875	px=-1.5; pz=4.2	0	10
0.297979797979798	0.0795454545454545	px=-1; pz=0.7	0.9	10
0.297979797979798	0.193181818181818	px=-1; pz=1.2	6.4	10
0.297979797979798	0.306818181818182	px=-1; pz=1.7	2.8	10
0.297979797979798	0.420454545454545	px=-1; pz=2.2	1	10
0.297979797979798	0.534090909090909	px=-1; pz=2.7	0.8	10
0.297979797979798	0.647727272727273	px=-1; pz=3.2	0.7	10
0.297979797979798	0.761363636363636	px=-1; pz=3.7	0.3	10
0.297979797979798	0.875	px=-1; pz=4.2	0	10
0.398989898989899	0.0795454545454545	px=-0.5; pz=0.7	1	10
0.398989898989899	0.193181818181818	px=-0.5; pz=1.2	13.5	10
0.398989898989899	0.306818181818182	px=-0.5; pz=1.7	3.2	10
0.398989898989899	0.420454545454545	px=-0.5; pz=2.2	1.1	10
0.398989898989899	0.534090909090909	px=-0.5; pz=2.7	1	10
0.398989898989899	0.647727272727273	px=-0.5; pz=3.2	1	10
0.398989898989899	0.761363636363636	px=-0.5; pz=3.7	0.5	10
0.398989898989899	0.875	px=-0.5; pz=4.2	0	10
0.5	0.0795454545454545	px=0; pz=0.7	0.4	10
0.5	0.193181818181818	px=0; pz=1.2	9.6	10
0.5	0.306818181818182	px=0; pz=1.7	2.7	10
0.5	0.420454545454545	px=0; pz=2.2	1	10
0.5	0.534090909090909	px=0; pz=2.7	1	10
0.5	0.647727272727273	px=0; pz=3.2	1	10
0.5	0.761363636363636	px=0; pz=3.7	0.5	10
0.5	0.875	px=0; pz=4.2	0	10
0.601010101010101	0.0795454545454545	px=0.5; pz=0.7	0.2	10
0.601010101010101	0.193181818181818	px=0.5; pz=1.2	8.7	10
0.601010101010101	0.306818181818182	px=0.5; pz=1.7	2.3	10
0.601010101010101	0.420454545454545	px=0.5; pz=2.2	1	10
0.601010101010101	0.534090909090909	px=0.5; pz=2.7	1	10
0.601010101010101	0.647727272727273	px=0.5; pz=3.2	1	10
0.601010101010101	0.761363636363636	px=0.5; pz=3.7	0.6	10
0.601010101010101	0.875	px=0.5; pz=4.2	0	10
0.702020202020202	0.0795454545454545	px=1; pz=0.7	0	10
0.702020202020202	0.193181818181818	px=1; pz=1.2	1.9	10
0.702020202020202	0.306818181818182	px=1; pz=1.7	2.2	10
0.702020202020202	0.420454545454545	px=1; pz=2.2	0.7	10
0.702020202020202	0.534090909090909	px=1; pz=2.7	0.5	10
0.702020202020202	0.647727272727273	px=1; pz=3.2	0.8	10
0.702020202020202	0.761363636363636	px=1; pz=3.7	0.5	10
0.702020202020202	0.875	px=1; pz=4.2	0	10
0.803030303030303	0.0795454545454545	px=1.5; pz=0.7	0	10
0.803030303030303	0.193181818181818	px=1.5; pz=1.2	0	10
0.803030303030303	0.306818181818182	px=1.5; pz=1.7	0.1	10
0.803030303030303	0.420454545454545	px=1.5; pz=2.2	0.1	10
0.803030303030303	0.534090909090909	px=1.5; pz=2.7	0.1	10
0.803030303030303	0.647727272727273	px=1.5; pz=3.2	0.3	10
0.803030303030303	0.761363636363636	px=1.5; pz=3.7	0.1	10
0.803030303030303	0.875	px=1.5; pz=4.2	0	10
0.904040404040404	0.0795454545454545	px=2; pz=0.7	0	10
0.904040404040404	0.193181818181818	px=2; pz=1.2	0	10
0.904040404040404	0.306818181818182	px=2; pz=1.7	0	10
0.904040404040404	0.420454545454545	px=2; pz=2.2	0	10
0.904040404040404	0.534090909090909	px=2; pz=2.7	0	10
0.904040404040404	0.647727272727273	px=2; pz=3.2	0	10
0.904040404040404	0.761363636363636	px=2; pz=3.7	0	10
0.904040404040404	0.875	px=2; pz=4.2	0	10
0.095959595959596	0.0795454545454545	px=-2; pz=0.7	0	11
0.095959595959596	0.193181818181818	px=-2; pz=1.2	0	11
0.095959595959596	0.306818181818182	px=-2; pz=1.7	0	11
0.095959595959596	0.420454545454545	px=-2; pz=2.2	0	11
0.095959595959596	0.534090909090909	px=-2; pz=2.7	0.1	11
0.095959595959596	0.647727272727273	px=-2; pz=3.2	0.1	11
0.095959595959596	0.761363636363636	px=-2; pz=3.7	0.1	11
0.095959595959596	0.875	px=-2; pz=4.2	0.2	11
0.196969696969697	0.0795454545454545	px=-1.5; pz=0.7	0.4	11
0.196969696969697	0.193181818181818	px=-1.5; pz=1.2	0.6	11
0.196969696969697	0.306818181818182	px=-1.5; pz=1.7	0.2	11
0.196969696969697	0.420454545454545	px=-1.5; pz=2.2	0.1	11
0.196969696969697	0.534090909090909	px=-1.5; pz=2.7	0.2	11
0.196969696969697	0.647727272727273	px=-1.5; pz=3.2	0.2	11
0.196969696969697	0.761363636363636	px=-1.5; pz=3.7	0.2	11
0.196969696969697	0.875	px=-1.5; pz=4.2	0.8	11
0.297979797979798	0.0795454545454545	px=-1; pz=0.7	3.8	11
0.297979797979798	0.193181818181818	px=-1; pz=1.2	11.8	11
0.297979797979798	0.306818181818182	px=-1; pz=1.7	2.3	11
0.297979797979798	0.420454545454545	px=-1; pz=2.2	0.8	11
0.297979797979798	0.534090909090909	px=-1; pz=2.7	0.7	11
0.297979797979798	0.647727272727273	px=-1; pz=3.2	0.5	11
0.297979797979798	0.761363636363636	px=-1; pz=3.7	1.4	11
0.297979797979798	0.875	px=-1; pz=4.2	5.1	11
0.398989898989899	0.0795454545454545	px=-0.5; pz=0.7	3.2	11
0.398989898989899	0.193181818181818	px=-0.5; pz=1.2	16.1	11
0.398989898989899	0.306818181818182	px=-0.5; pz=1.7	3.3	11
0.398989898989899	0.420454545454545	px=-0.5; pz=2.2	1.1	11
0.398989898989899	0.534090909090909	px=-0.5; pz=2.7	1	11
0.398989898989899	0.647727272727273	px=-0.5; pz=3.2	1	11
0.398989898989899	0.761363636363636	px=-0.5; pz=3.7	2.7	11
0.398989898989899	0.875	px=-0.5; pz=4.2	8.2	11
0.5	0.0795454545454545	px=0; pz=0.7	0.4	11
0.5	0.193181818181818	px=0; pz=1.2	4	11
0.5	0.306818181818182	px=0; pz=1.7	3.9	11
0.5	0.420454545454545	px=0; pz=2.2	1.1	11
0.5	0.534090909090909	px=0; pz=2.7	1	11
0.5	0.647727272727273	px=0; pz=3.2	1	11
0.5	0.761363636363636	px=0; pz=3.7	1.4	11
0.5	0.875	px=0; pz=4.2	1.9	11
0.601010101010101	0.0795454545454545	px=0.5; pz=0.7	0	11
0.601010101010101	0.193181818181818	px=0.5; pz=1.2	1.9	11
0.601010101010101	0.306818181818182	px=0.5; pz=1.7	3.7	11
0.601010101010101	0.420454545454545	px=0.5; pz=2.2	1	11
0.601010101010101	0.534090909090909	px=0.5; pz=2.7	1	11
0.601010101010101	0.647727272727273	px=0.5; pz=3.2	1	11
0.601010101010101	0.761363636363636	px=0.5; pz=3.7	0.7	11
0.601010101010101	0.875	px=0.5; pz=4.2	0.3	11
0.702020202020202	0.0795454545454545	px=1; pz=0.7	0	11
0.702020202020202	0.193181818181818	px=1; pz=1.2	0.5	11
0.702020202020202	0.306818181818182	px=1; pz=1.7	2.6	11
0.702020202020202	0.420454545454545	px=1; pz=2.2	0.5	11
0.702020202020202	0.534090909090909	px=1; pz=2.7	0.4	11
0.702020202020202	0.647727272727273	px=1; pz=3.2	1	11
0.702020202020202	0.761363636363636	px=1; pz=3.7	0.5	11
0.702020202020202	0.875	px=1; pz=4.2	0.1	11
0.803030303030303	0.0795454545454545	px=1.5; pz=0.7	0	11
0.803030303030303	0.193181818181818	px=1.5; pz=1.2	0	11
0.803030303030303	0.306818181818182	px=1.5; pz=1.7	0.4	11
0.803030303030303	0.420454545454545	px=1.5; pz=2.2	0.3	11
0.803030303030303	0.534090909090909	px=1.5; pz=2.7	0.5	11
0.803030303030303	0.647727272727273	px=1.5; pz=3.2	1.2	11
0.803030303030303	0.761363636363636	px=1.5; pz=3.7	0.5	11
0.803030303030303	0.875	px=1.5; pz=4.2	0.1	11
0.904040404040404	0.0795454545454545	px=2; pz=0.7	0	11
0.904040404040404	0.193181818181818	px=2; pz=1.2	0	11
0.904040404040404	0.306818181818182	px=2; pz=1.7	0	11
0.904040404040404	0.420454545454545	px=2; pz=2.2	0.2	11
0.904040404040404	0.534090909090909	px=2; pz=2.7	0.9	11
0.904040404040404	0.647727272727273	px=2; pz=3.2	1.7	11
0.904040404040404	0.761363636363636	px=2; pz=3.7	0.8	11
0.904040404040404	0.875	px=2; pz=4.2	0.2	11
0.095959595959596	0.0795454545454545	px=-2; pz=0.7	2.6	12
0.095959595959596	0.193181818181818	px=-2; pz=1.2	4.7	12
0.095959595959596	0.306818181818182	px=-2; pz=1.7	1.9	12
0.095959595959596	0.420454545454545	px=-2; pz=2.2	0.7	12
0.095959595959596	0.534090909090909	px=-2; pz=2.7	1.2	12
0.095959595959596	0.647727272727273	px=-2; pz=3.2	4.9	12
0.095959595959596	0.761363636363636	px=-2; pz=3.7	7.3	12
0.095959595959596	0.875	px=-2; pz=4.2	6.7	12
0.196969696969697	0.0795454545454545	px=-1.5; pz=0.7	0.5	12
0.196969696969697	0.193181818181818	px=-1.5; pz=1.2	2.7	12
0.196969696969697	0.306818181818182	px=-1.5; pz=1.7	1.3	12
0.196969696969697	0.420454545454545	px=-1.5; pz=2.2	0.2	12
0.196969696969697	0.534090909090909	px=-1.5; pz=2.7	0.3	12
0.196969696969697	0.647727272727273	px=-1.5; pz=3.2	0.7	12
0.196969696969697	0.761363636363636	px=-1.5; pz=3.7	0.6	12
0.196969696969697	0.875	px=-1.5; pz=4.2	0.6	12
0.297979797979798	0.0795454545454545	px=-1; pz=0.7	0.1	12
0.297979797979798	0.193181818181818	px=-1; pz=1.2	2.2	12
0.297979797979798	0.306818181818182	px=-1; pz=1.7	2.9	12
0.297979797979798	0.420454545454545	px=-1; pz=2.2	0.8	12
0.297979797979798	0.534090909090909	px=-1; pz=2.7	0.7	12
0.297979797979798	0.647727272727273	px=-1; pz=3.2	0.6	12
0.297979797979798	0.761363636363636	px=-1; pz=3.7	0.4	12
0.297979797979798	0.875	px=-1; pz=4.2	0.4	12
0.398989898989899	0.0795454545454545	px=-0.5; pz=0.7	0	12
0.398989898989899	0.193181818181818	px=-0.5; pz=1.2	1.2	12
0.398989898989899	0.306818181818182	px=-0.5; pz=1.7	3	12
0.398989898989899	0.420454545454545	px=-0.5; pz=2.2	1.1	12
0.398989898989899	0.534090909090909	px=-0.5; pz=2.7	1	12
0.398989898989899	0.647727272727273	px=-0.5; pz=3.2	1	12
0.398989898989899	0.761363636363636	px=-0.5; pz=3.7	1.1	12
0.398989898989899	0.875	px=-0.5; pz=4.2	1.9	12
0.5	0.0795454545454545	px=0; pz=0.7	0	12
0.5	0.193181818181818	px=0; pz=1.2	1.5	12
0.5	0.306818181818182	px=0; pz=1.7	4.7	12
0.5	0.420454545454545	px=0; pz=2.2	1.1	12
0.5	0.534090909090909	px=0; pz=2.7	1	12
0.5	0.647727272727273	px=0; pz=3.2	1	12
0.5	0.761363636363636	px=0; pz=3.7	2.2	12
0.5	0.875	px=0; pz=4.2	8.7	12
0.601010101010101	0.0795454545454545	px=0.5; pz=0.7	0	12
0.601010101010101	0.193181818181818	px=0.5; pz=1.2	4.2	12
0.601010101010101	0.306818181818182	px=0.5; pz=1.7	3.9	12
0.601010101010101	0.420454545454545	px=0.5; pz=2.2	1.1	12
0.601010101010101	0.534090909090909	px=0.5; pz=2.7	1	12
0.601010101010101	0.647727272727273	px=0.5; pz=3.2	0.8	12
0.601010101010101	0.761363636363636	px=0.5; pz=3.7	2	12
0.601010101010101	0.875	px=0.5; pz=4.2	12.4	12
0.702020202020202	0.0795454545454545	px=1; pz=0.7	0.1	12
0.702020202020202	0.193181818181818	px=1; pz=1.2	2.8	12
0.702020202020202	0.306818181818182	px=1; pz=1.7	2	12
0.702020202020202	0.420454545454545	px=1; pz=2.2	0.7	12
0.702020202020202	0.534090909090909	px=1; pz=2.7	0.6	12
0.702020202020202	0.647727272727273	px=1; pz=3.2	0.6	12
0.702020202020202	0.761363636363636	px=1; pz=3.7	2.2	12
0.702020202020202	0.875	px=1; pz=4.2	11.1	12
0.803030303030303	0.0795454545454545	px=1.5; pz=0.7	0	12
0.803030303030303	0.193181818181818	px=1.5; pz=1.2	0.2	12
0.803030303030303	0.306818181818182	px=1.5; pz=1.7	0.3	12
0.803030303030303	0.420454545454545	px=1.5; pz=2.2	0.3	12
0.803030303030303	0.534090909090909	px=1.5; pz=2.7	0.6	12
0.803030303030303	0.647727272727273	px=1.5; pz=3.2	1.4	12
0.803030303030303	0.761363636363636	px=1.5; pz=3.7	3.6	12
0.803030303030303	0.875	px=1.5; pz=4.2	9.6	12
0.904040404040404	0.0795454545454545	px=2; pz=0.7	0	12
0.904040404040404	0.193181818181818	px=2; pz=1.2	0	12
0.904040404040404	0.306818181818182	px=2; pz=1.7	0	12
0.904040404040404	0.420454545454545	px=2; pz=2.2	0.1	12
0.904040404040404	0.534090909090909	px=2; pz=2.7	0.5	12
0.904040404040404	0.647727272727273	px=2; pz=3.2	1.6	12
0.904040404040404	0.761363636363636	px=2; pz=3.7	3.5	12
0.904040404040404	0.875	px=2; pz=4.2	6.8	12
0.095959595959596	0.0795454545454545	px=-2; pz=0.7	0	13
0.095959595959596	0.193181818181818	px=-2; pz=1.2	0	13
0.095959595959596	0.306818181818182	px=-2; pz=1.7	0	13
0.095959595959596	0.420454545454545	px=-2; pz=2.2	0	13
0.095959595959596	0.534090909090909	px=-2; pz=2.7	0	13
0.095959595959596	0.647727272727273	px=-2; pz=3.2	0	13
0.095959595959596	0.761363636363636	px=-2; pz=3.7	0	13
0.095959595959596	0.875	px=-2; pz=4.2	0	13
0.196969696969697	0.0795454545454545	px=-1.5; pz=0.7	0	13
0.196969696969697	0.193181818181818	px=-1.5; pz=1.2	0.2	13
0.196969696969697	0.306818181818182	px=-1.5; pz=1.7	0.2	13
0.196969696969697	0.420454545454545	px=-1.5; pz=2.2	0.1	13
0.196969696969697	0.534090909090909	px=-1.5; pz=2.7	0.1	13
0.196969696969697	0.647727272727273	px=-1.5; pz=3.2	0.2	13
0.196969696969697	0.761363636363636	px=-1.5; pz=3.7	0.1	13
0.196969696969697	0.875	px=-1.5; pz=4.2	0	13
0.297979797979798	0.0795454545454545	px=-1; pz=0.7	0.2	13
0.297979797979798	0.193181818181818	px=-1; pz=1.2	2.4	13
0.297979797979798	0.306818181818182	px=-1; pz=1.7	1.7	13
0.297979797979798	0.420454545454545	px=-1; pz=2.2	1	13
0.297979797979798	0.534090909090909	px=-1; pz=2.7	0.9	13
0.297979797979798	0.647727272727273	px=-1; pz=3.2	0.9	13
0.297979797979798	0.761363636363636	px=-1; pz=3.7	0.3	13
0.297979797979798	0.875	px=-1; pz=4.2	0	13
0.398989898989899	0.0795454545454545	px=-0.5; pz=0.7	0.5	13
0.398989898989899	0.193181818181818	px=-0.5; pz=1.2	7.3	13
0.398989898989899	0.306818181818182	px=-0.5; pz=1.7	1.6	13
0.398989898989899	0.420454545454545	px=-0.5; pz=2.2	1	13
0.398989898989899	0.534090909090909	px=-0.5; pz=2.7	1	13
0.398989898989899	0.647727272727273	px=-0.5; pz=3.2	1	13
0.398989898989899	0.761363636363636	px=-0.5; pz=3.7	0.5	13
0.398989898989899	0.875	px=-0.5; pz=4.2	0	13
0.5	0.0795454545454545	px=0; pz=0.7	0.2	13
0.5	0.193181818181818	px=0; pz=1.2	5.4	13
0.5	0.306818181818182	px=0; pz=1.7	1.8	13
0.5	0.420454545454545	px=0; pz=2.2	1	13
0.5	0.534090909090909	px=0; pz=2.7	1	13
0.5	0.647727272727273	px=0; pz=3.2	1	13
0.5	0.761363636363636	px=0; pz=3.7	0.8	13
0.5	0.875	px=0; pz=4.2	0	13
0.601010101010101	0.0795454545454545	px=0.5; pz=0.7	0	13
0.601010101010101	0.193181818181818	px=0.5; pz=1.2	1.1	13
0.601010101010101	0.306818181818182	px=0.5; pz=1.7	2	13
0.601010101010101	0.420454545454545	px=0.5; pz=2.2	1	13
0.601010101010101	0.534090909090909	px=0.5; pz=2.7	1	13
0.601010101010101	0.647727272727273	px=0.5; pz=3.2	1.1	13
0.601010101010101	0.761363636363636	px=0.5; pz=3.7	0.9	13
0.601010101010101	0.875	px=0.5; pz=4.2	0.1	13
0.702020202020202	0.0795454545454545	px=1; pz=0.7	0	13
0.702020202020202	0.193181818181818	px=1; pz=1.2	0.1	13
0.702020202020202	0.306818181818182	px=1; pz=1.7	0.5	13
0.702020202020202	0.420454545454545	px=1; pz=2.2	0.9	13
0.702020202020202	0.534090909090909	px=1; pz=2.7	0.5	13
0.702020202020202	0.647727272727273	px=1; pz=3.2	0.4	13
0.702020202020202	0.761363636363636	px=1; pz=3.7	0.2	13
0.702020202020202	0.875	px=1; pz=4.2	0	13
0.803030303030303	0.0795454545454545	px=1.5; pz=0.7	0	13
0.803030303030303	0.193181818181818	px=1.5; pz=1.2	0	13
0.803030303030303	0.306818181818182	px=1.5; pz=1.7	0	13
0.803030303030303	0.420454545454545	px=1.5; pz=2.2	0.1	13
0.803030303030303	0.534090909090909	px=1.5; pz=2.7	0.1	13
0.803030303030303	0.647727272727273	px=1.5; pz=3.2	0	13
0.803030303030303	0.761363636363636	px=1.5; pz=3.7	0	13
0.803030303030303	0.875	px=1.5; pz=4.2	0	13
0.904040404040404	0.0795454545454545	px=2; pz=0.7	0	13
0.904040404040404	0.193181818181818	px=2; pz=1.2	0	13
0.904040404040404	0.306818181818182	px=2; pz=1.7	0	13
0.904040404040404	0.420454545454545	px=2; pz=2.2	0	13
0.904040404040404	0.534090909090909	px=2; pz=2.7	0	13
0.904040404040404	0.647727272727273	px=2; pz=3.2	0	13
0.904040404040404	0.761363636363636	px=2; pz=3.7	0	13
0.904040404040404	0.875	px=2; pz=4.2	0	13
0.095959595959596	0.0795454545454545	px=-2; pz=0.7	0.2	14
0.095959595959596	0.193181818181818	px=-2; pz=1.2	0.2	14
0.095959595959596	0.306818181818182	px=-2; pz=1.7	0.1	14
0.095959595959596	0.420454545454545	px=-2; pz=2.2	0	14
0.095959595959596	0.534090909090909	px=-2; pz=2.7	0	14
0.095959595959596	0.647727272727273	px=-2; pz=3.2	0	14
0.095959595959596	0.761363636363636	px=-2; pz=3.7	0	14
0.095959595959596	0.875	px=-2; pz=4.2	0	14
0.196969696969697	0.0795454545454545	px=-1.5; pz=0.7	0.3	14
0.196969696969697	0.193181818181818	px=-1.5; pz=1.2	0.7	14
0.196969696969697	0.306818181818182	px=-1.5; pz=1.7	0.4	14
0.196969696969697	0.420454545454545	px=-1.5; pz=2.2	0.1	14
0.196969696969697	0.534090909090909	px=-1.5; pz=2.7	0	14
0.196969696969697	0.647727272727273	px=-1.5; pz=3.2	0	14
0.196969696969697	0.761363636363636	px=-1.5; pz=3.7	0	14
0.196969696969697	0.875	px=-1.5; pz=4.2	0	14
0.297979797979798	0.0795454545454545	px=-1; pz=0.7	0.4	14
0.297979797979798	0.193181818181818	px=-1; pz=1.2	2.4	14
0.297979797979798	0.306818181818182	px=-1; pz=1.7	1.6	14
0.297979797979798	0.420454545454545	px=-1; pz=2.2	1	14
0.297979797979798	0.534090909090909	px=-1; pz=2.7	0.9	14
0.297979797979798	0.647727272727273	px=-1; pz=3.2	0.8	14
0.297979797979798	0.761363636363636	px=-1; pz=3.7	0.4	14
0.297979797979798	0.875	px=-1; pz=4.2	0	14
0.398989898989899	0.0795454545454545	px=-0.5; pz=0.7	0.2	14
0.398989898989899	0.193181818181818	px=-0.5; pz=1.2	5	14
0.398989898989899	0.306818181818182	px=-0.5; pz=1.7	1.9	14
0.398989898989899	0.420454545454545	px=-0.5; pz=2.2	1	14
0.398989898989899	0.534090909090909	px=-0.5; pz=2.7	1	14
0.398989898989899	0.647727272727273	px=-0.5; pz=3.2	1	14
0.398989898989899	0.761363636363636	px=-0.5; pz=3.7	0.7	14
0.398989898989899	0.875	px=-0.5; pz=4.2	0.1	14
0.5	0.0795454545454545	px=0; pz=0.7	0.1	14
0.5	0.193181818181818	px=0; pz=1.2	4.7	14
0.5	0.306818181818182	px=0; pz=1.7	1.7	14
0.5	0.420454545454545	px=0; pz=2.2	1	14
0.5	0.534090909090909	px=0; pz=2.7	1	14
0.5	0.647727272727273	px=0; pz=3.2	1	14
0.5	0.761363636363636	px=0; pz=3.7	0.5	14
0.5	0.875	px=0; pz=4.2	0.1	14
0.601010101010101	0.0795454545454545	px=0.5; pz=0.7	0	14
0.601010101010101	0.193181818181818	px=0.5; pz=1.2	1.9	14
0.601010101010101	0.306818181818182	px=0.5; pz=1.7	1.5	14
0.601010101010101	0.420454545454545	px=0.5; pz=2.2	1	14
0.601010101010101	0.534090909090909	px=0.5; pz=2.7	1	14
0.601010101010101	0.647727272727273	px=0.5; pz=3.2	0.9	14
0.601010101010101	0.761363636363636	px=0.5; pz=3.7	0.6	14
0.601010101010101	0.875	px=0.5; pz=4.2	0.2	14
0.702020202020202	0.0795454545454545	px=1; pz=0.7	0	14
0.702020202020202	0.193181818181818	px=1; pz=1.2	0.4	14
0.702020202020202	0.306818181818182	px=1; pz=1.7	1	14
0.702020202020202	0.420454545454545	px=1; pz=2.2	0.8	14
0.702020202020202	0.534090909090909	px=1; pz=2.7	0.7	14
0.702020202020202	0.647727272727273	px=1; pz=3.2	0.5	14
0.702020202020202	0.761363636363636	px=1; pz=3.7	0.5	14
0.702020202020202	0.875	px=1; pz=4.2	0.3	14
0.803030303030303	0.0795454545454545	px=1.5; pz=0.7	0	14
0.803030303030303	0.193181818181818	px=1.5; pz=1.2	0.1	14
0.803030303030303	0.306818181818182	px=1.5; pz=1.7	0.1	14
0.803030303030303	0.420454545454545	px=1.5; pz=2.2	0.1	14
0.803030303030303	0.534090909090909	px=1.5; pz=2.7	0.1	14
0.803030303030303	0.647727272727273	px=1.5; pz=3.2	0.1	14
0.803030303030303	0.761363636363636	px=1.5; pz=3.7	0.2	14
0.803030303030303	0.875	px=1.5; pz=4.2	0.1	14
0.904040404040404	0.0795454545454545	px=2; pz=0.7	0	14
0.904040404040404	0.193181818181818	px=2; pz=1.2	0	14
0.904040404040404	0.306818181818182	px=2; pz=1.7	0	14
0.904040404040404	0.420454545454545	px=2; pz=2.2	0	14
0.904040404040404	0.534090909090909	px=2; pz=2.7	0	14
0.904040404040404	0.647727272727273	px=2; pz=3.2	0	14
0.904040404040404	0.761363636363636	px=2; pz=3.7	0	14
0.904040404040404	0.875	px=2; pz=4.2	0	14
0.095959595959596	0.0795454545454545	px=-2; pz=0.7	0	15
0.095959595959596	0.193181818181818	px=-2; pz=1.2	0	15
0.095959595959596	0.306818181818182	px=-2; pz=1.7	0	15
0.095959595959596	0.420454545454545	px=-2; pz=2.2	0	15
0.095959595959596	0.534090909090909	px=-2; pz=2.7	0	15
0.095959595959596	0.647727272727273	px=-2; pz=3.2	0	15
0.095959595959596	0.761363636363636	px=-2; pz=3.7	0	15
0.095959595959596	0.875	px=-2; pz=4.2	0	15
0.196969696969697	0.0795454545454545	px=-1.5; pz=0.7	0.1	15
0.196969696969697	0.193181818181818	px=-1.5; pz=1.2	0.4	15
0.196969696969697	0.306818181818182	px=-1.5; pz=1.7	0.4	15
0.196969696969697	0.420454545454545	px=-1.5; pz=2.2	0.2	15
0.196969696969697	0.534090909090909	px=-1.5; pz=2.7	0.2	15
0.196969696969697	0.647727272727273	px=-1.5; pz=3.2	0.3	15
0.196969696969697	0.761363636363636	px=-1.5; pz=3.7	0.3	15
0.196969696969697	0.875	px=-1.5; pz=4.2	0.3	15
0.297979797979798	0.0795454545454545	px=-1; pz=0.7	1.4	15
0.297979797979798	0.193181818181818	px=-1; pz=1.2	5.2	15
0.297979797979798	0.306818181818182	px=-1; pz=1.7	2.1	15
0.297979797979798	0.420454545454545	px=-1; pz=2.2	0.9	15
0.297979797979798	0.534090909090909	px=-1; pz=2.7	0.8	15
0.297979797979798	0.647727272727273	px=-1; pz=3.2	0.9	15
0.297979797979798	0.761363636363636	px=-1; pz=3.7	1.4	15
0.297979797979798	0.875	px=-1; pz=4.2	1.7	15
0.398989898989899	0.0795454545454545	px=-0.5; pz=0.7	5	15
0.398989898989899	0.193181818181818	px=-0.5; pz=1.2	13.9	15
0.398989898989899	0.306818181818182	px=-0.5; pz=1.7	1.8	15
0.398989898989899	0.420454545454545	px=-0.5; pz=2.2	1	15
0.398989898989899	0.534090909090909	px=-0.5; pz=2.7	1	15
0.398989898989899	0.647727272727273	px=-0.5; pz=3.2	1	15
0.398989898989899	0.761363636363636	px=-0.5; pz=3.7	1.7	15
0.398989898989899	0.875	px=-0.5; pz=4.2	3	15
0.5	0.0795454545454545	px=0; pz=0.7	8.2	15
0.5	0.193181818181818	px=0; pz=1.2	15.6	15
0.5	0.306818181818182	px=0; pz=1.7	2.5	15
0.5	0.420454545454545	px=0; pz=2.2	1	15
0.5	0.534090909090909	px=0; pz=2.7	1	15
0.5	0.647727272727273	px=0; pz=3.2	1.1	15
0.5	0.761363636363636	px=0; pz=3.7	1.8	15
0.5	0.875	px=0; pz=4.2	2.8	15
0.601010101010101	0.0795454545454545	px=0.5; pz=0.7	8	15
0.601010101010101	0.193181818181818	px=0.5; pz=1.2	12	15
0.601010101010101	0.306818181818182	px=0.5; pz=1.7	3.4	15
0.601010101010101	0.420454545454545	px=0.5; pz=2.2	1.1	15
0.601010101010101	0.534090909090909	px=0.5; pz=2.7	1.1	15
0.601010101010101	0.647727272727273	px=0.5; pz=3.2	1.2	15
0.601010101010101	0.761363636363636	px=0.5; pz=3.7	1.6	15
0.601010101010101	0.875	px=0.5; pz=4.2	1.8	15
0.702020202020202	0.0795454545454545	px=1; pz=0.7	3.3	15
0.702020202020202	0.193181818181818	px=1; pz=1.2	3.4	15
0.702020202020202	0.306818181818182	px=1; pz=1.7	1.3	15
0.702020202020202	0.420454545454545	px=1; pz=2.2	0.5	15
0.702020202020202	0.534090909090909	px=1; pz=2.7	0.4	15
0.702020202020202	0.647727272727273	px=1; pz=3.2	0.5	15
0.702020202020202	0.761363636363636	px=1; pz=3.7	0.7	15
0.702020202020202	0.875	px=1; pz=4.2	0.7	15
0.803030303030303	0.0795454545454545	px=1.5; pz=0.7	0.7	15
0.803030303030303	0.193181818181818	px=1.5; pz=1.2	0.5	15
0.803030303030303	0.306818181818182	px=1.5; pz=1.7	0.3	15
0.803030303030303	0.420454545454545	px=1.5; pz=2.2	0.1	15
0.803030303030303	0.534090909090909	px=1.5; pz=2.7	0.1	15
0.803030303030303	0.647727272727273	px=1.5; pz=3.2	0.1	15
0.803030303030303	0.761363636363636	px=1.5; pz=3.7	0.2	15
0.803030303030303	0.875	px=1.5; pz=4.2	0.2	15
0.904040404040404	0.0795454545454545	px=2; pz=0.7	0.2	15
0.904040404040404	0.193181818181818	px=2; pz=1.2	0.1	15
0.904040404040404	0.306818181818182	px=2; pz=1.7	0.1	15
0.904040404040404	0.420454545454545	px=2; pz=2.2	0.1	15
0.904040404040404	0.534090909090909	px=2; pz=2.7	0.1	15
0.904040404040404	0.647727272727273	px=2; pz=3.2	0.1	15
0.904040404040404	0.761363636363636	px=2; pz=3.7	0.1	15
0.904040404040404	0.875	px=2; pz=4.2	0.1	15
0.095959595959596	0.0795454545454545	px=-2; pz=0.7	0	16
0.095959595959596	0.193181818181818	px=-2; pz=1.2	0.1	16
0.095959595959596	0.306818181818182	px=-2; pz=1.7	0.3	16
0.095959595959596	0.420454545454545	px=-2; pz=2.2	0.4	16
0.095959595959596	0.534090909090909	px=-2; pz=2.7	0.5	16
0.095959595959596	0.647727272727273	px=-2; pz=3.2	0.6	16
0.095959595959596	0.761363636363636	px=-2; pz=3.7	0.5	16
0.095959595959596	0.875	px=-2; pz=4.2	0.3	16
0.196969696969697	0.0795454545454545	px=-1.5; pz=0.7	0	16
0.196969696969697	0.193181818181818	px=-1.5; pz=1.2	0.2	16
0.196969696969697	0.306818181818182	px=-1.5; pz=1.7	0.5	16
0.196969696969697	0.420454545454545	px=-1.5; pz=2.2	0.4	16
0.196969696969697	0.534090909090909	px=-1.5; pz=2.7	0.4	16
0.196969696969697	0.647727272727273	px=-1.5; pz=3.2	0.6	16
0.196969696969697	0.761363636363636	px=-1.5; pz=3.7	0.4	16
0.196969696969697	0.875	px=-1.5; pz=4.2	0.2	16
0.297979797979798	0.0795454545454545	px=-1; pz=0.7	0	16
0.297979797979798	0.193181818181818	px=-1; pz=1.2	0.8	16
0.297979797979798	0.306818181818182	px=-1; pz=1.7	2.2	16
0.297979797979798	0.420454545454545	px=-1; pz=2.2	1.1	16
0.297979797979798	0.534090909090909	px=-1; pz=2.7	0.9	16
0.297979797979798	0.647727272727273	px=-1; pz=3.2	0.9	16
0.297979797979798	0.761363636363636	px=-1; pz=3.7	0.4	16
0.297979797979798	0.875	px=-1; pz=4.2	0.1	16
0.398989898989899	0.0795454545454545	px=-0.5; pz=0.7	0	16
0.398989898989899	0.193181818181818	px=-0.5; pz=1.2	3.3	16
0.398989898989899	0.306818181818182	px=-0.5; pz=1.7	3	16
0.398989898989899	0.420454545454545	px=-0.5; pz=2.2	1.1	16
0.398989898989899	0.534090909090909	px=-0.5; pz=2.7	1	16
0.398989898989899	0.647727272727273	px=-0.5; pz=3.2	1.1	16
0.398989898989899	0.761363636363636	px=-0.5; pz=3.7	0.4	16
0.398989898989899	0.875	px=-0.5; pz=4.2	0.1	16
0.5	0.0795454545454545	px=0; pz=0.7	0	16
0.5	0.193181818181818	px=0; pz=1.2	3.8	16
0.5	0.306818181818182	px=0; pz=1.7	2.6	16
0.5	0.420454545454545	px=0; pz=2.2	1	16
0.5	0.534090909090909	px=0; pz=2.7	1	16
0.5	0.647727272727273	px=0; pz=3.2	1	16
0.5	0.761363636363636	px=0; pz=3.7	0.4	16
0.5	0.875	px=0; pz=4.2	0.1	16
0.601010101010101	0.0795454545454545	px=0.5; pz=0.7	0	16
0.601010101010101	0.193181818181818	px=0.5; pz=1.2	1.7	16
0.601010101010101	0.306818181818182	px=0.5; pz=1.7	1.8	16
0.601010101010101	0.420454545454545	px=0.5; pz=2.2	1	16
0.601010101010101	0.534090909090909	px=0.5; pz=2.7	1	16
0.601010101010101	0.647727272727273	px=0.5; pz=3.2	1.1	16
0.601010101010101	0.761363636363636	px=0.5; pz=3.7	0.5	16
0.601010101010101	0.875	px=0.5; pz=4.2	0.2	16
0.702020202020202	0.0795454545454545	px=1; pz=0.7	0	16
0.702020202020202	0.193181818181818	px=1; pz=1.2	0.7	16
0.702020202020202	0.306818181818182	px=1; pz=1.7	1.7	16
0.702020202020202	0.420454545454545	px=1; pz=2.2	0.6	16
0.702020202020202	0.534090909090909	px=1; pz=2.7	0.5	16
0.702020202020202	0.647727272727273	px=1; pz=3.2	0.7	16
0.702020202020202	0.761363636363636	px=1; pz=3.7	0.8	16
0.702020202020202	0.875	px=1; pz=4.2	0.5	16
0.803030303030303	0.0795454545454545	px=1.5; pz=0.7	0	16
0.803030303030303	0.193181818181818	px=1.5; pz=1.2	0.2	16
0.803030303030303	0.306818181818182	px=1.5; pz=1.7	1	16
0.803030303030303	0.420454545454545	px=1.5; pz=2.2	0.3	16
0.803030303030303	0.534090909090909	px=1.5; pz=2.7	0.1	16
0.803030303030303	0.647727272727273	px=1.5; pz=3.2	0.3	16
0.803030303030303	0.761363636363636	px=1.5; pz=3.7	0.7	16
0.803030303030303	0.875	px=1.5; pz=4.2	0.9	16
0.904040404040404	0.0795454545454545	px=2; pz=0.7	0	16
0.904040404040404	0.193181818181818	px=2; pz=1.2	0.1	16
0.904040404040404	0.306818181818182	px=2; pz=1.7	0.4	16
0.904040404040404	0.420454545454545	px=2; pz=2.2	0.2	16
0.904040404040404	0.534090909090909	px=2; pz=2.7	0.2	16
0.904040404040404	0.647727272727273	px=2; pz=3.2	0.3	16
0.904040404040404	0.761363636363636	px=2; pz=3.7	0.6	16
0.904040404040404	0.875	px=2; pz=4.2	1	16
0.095959595959596	0.0795454545454545	px=-2; pz=0.7	0	17
0.095959595959596	0.193181818181818	px=-2; pz=1.2	0.1	17
0.095959595959596	0.306818181818182	px=-2; pz=1.7	0.2	17
0.095959595959596	0.420454545454545	px=-2; pz=2.2	0.2	17
0.095959595959596	0.534090909090909	px=-2; pz=2.7	0.3	17
0.095959595959596	0.647727272727273	px=-2; pz=3.2	0.5	17
0.095959595959596	0.761363636363636	px=-2; pz=3.7	1	17
0.095959595959596	0.875	px=-2; pz=4.2	4.3	17
0.196969696969697	0.0795454545454545	px=-1.5; pz=0.7	0	17
0.196969696969697	0.193181818181818	px=-1.5; pz=1.2	0.3	17
0.196969696969697	0.306818181818182	px=-1.5; pz=1.7	1.1	17
0.196969696969697	0.420454545454545	px=-1.5; pz=2.2	0.3	17
0.196969696969697	0.534090909090909	px=-1.5; pz=2.7	0.3	17
0.196969696969697	0.647727272727273	px=-1.5; pz=3.2	0.6	17
0.196969696969697	0.761363636363636	px=-1.5; pz=3.7	1	17
0.196969696969697	0.875	px=-1.5; pz=4.2	5.1	17
0.297979797979798	0.0795454545454545	px=-1; pz=0.7	0	17
0.297979797979798	0.193181818181818	px=-1; pz=1.2	1.3	17
0.297979797979798	0.306818181818182	px=-1; pz=1.7	2.7	17
0.297979797979798	0.420454545454545	px=-1; pz=2.2	0.8	17
0.297979797979798	0.534090909090909	px=-1; pz=2.7	0.8	17
0.297979797979798	0.647727272727273	px=-1; pz=3.2	0.6	17
0.297979797979798	0.761363636363636	px=-1; pz=3.7	0.8	17
0.297979797979798	0.875	px=-1; pz=4.2	7	17
0.398989898989899	0.0795454545454545	px=-0.5; pz=0.7	0	17
0.398989898989899	0.193181818181818	px=-0.5; pz=1.2	1.8	17
0.398989898989899	0.306818181818182	px=-0.5; pz=1.7	2.7	17
0.398989898989899	0.420454545454545	px=-0.5; pz=2.2	1	17
0.398989898989899	0.534090909090909	px=-0.5; pz=2.7	1	17
0.398989898989899	0.647727272727273	px=-0.5; pz=3.2	1.1	17
0.398989898989899	0.761363636363636	px=-0.5; pz=3.7	1.3	17
0.398989898989899	0.875	px=-0.5; pz=4.2	11.2	17
0.5	0.0795454545454545	px=0; pz=0.7	0	17
0.5	0.193181818181818	px=0; pz=1.2	1.9	17
0.5	0.306818181818182	px=0; pz=1.7	3.9	17
0.5	0.420454545454545	px=0; pz=2.2	1.1	17
0.5	0.534090909090909	px=0; pz=2.7	1	17
0.5	0.647727272727273	px=0; pz=3.2	1.2	17
0.5	0.761363636363636	px=0; pz=3.7	2.9	17
0.5	0.875	px=0; pz=4.2	14	17
0.601010101010101	0.0795454545454545	px=0.5; pz=0.7	0	17
0.601010101010101	0.193181818181818	px=0.5; pz=1.2	1.7	17
0.601010101010101	0.306818181818182	px=0.5; pz=1.7	3	17
0.601010101010101	0.420454545454545	px=0.5; pz=2.2	1.1	17
0.601010101010101	0.534090909090909	px=0.5; pz=2.7	1	17
0.601010101010101	0.647727272727273	px=0.5; pz=3.2	1.1	17
0.601010101010101	0.761363636363636	px=0.5; pz=3.7	3.3	17
0.601010101010101	0.875	px=0.5; pz=4.2	7.6	17
0.702020202020202	0.0795454545454545	px=1; pz=0.7	0	17
0.702020202020202	0.193181818181818	px=1; pz=1.2	0.8	17
0.702020202020202	0.306818181818182	px=1; pz=1.7	1.7	17
0.702020202020202	0.420454545454545	px=1; pz=2.2	0.6	17
0.702020202020202	0.534090909090909	px=1; pz=2.7	0.4	17
0.702020202020202	0.647727272727273	px=1; pz=3.2	0.8	17
0.702020202020202	0.761363636363636	px=1; pz=3.7	2.2	17
0.702020202020202	0.875	px=1; pz=4.2	1.9	17
0.803030303030303	0.0795454545454545	px=1.5; pz=0.7	0	17
0.803030303030303	0.193181818181818	px=1.5; pz=1.2	0.1	17
0.803030303030303	0.306818181818182	px=1.5; pz=1.7	0.5	17
0.803030303030303	0.420454545454545	px=1.5; pz=2.2	0.6	17
0.803030303030303	0.534090909090909	px=1.5; pz=2.7	0.6	17
0.803030303030303	0.647727272727273	px=1.5; pz=3.2	0.8	17
0.803030303030303	0.761363636363636	px=1.5; pz=3.7	0.7	17
0.803030303030303	0.875	px=1.5; pz=4.2	0.3	17
0.904040404040404	0.0795454545454545	px=2; pz=0.7	0	17
0.904040404040404	0.193181818181818	px=2; pz=1.2	0	17
0.904040404040404	0.306818181818182	px=2; pz=1.7	0.1	17
0.904040404040404	0.420454545454545	px=2; pz=2.2	0.2	17
0.904040404040404	0.534090909090909	px=2; pz=2.7	0.3	17
0.904040404040404	0.647727272727273	px=2; pz=3.2	0.2	17
0.904040404040404	0.761363636363636	px=2; pz=3.7	0.1	17
0.904040404040404	0.875	px=2; pz=4.2	0	17
0.095959595959596	0.0795454545454545	px=-2; pz=0.7	0.1	18
0.095959595959596	0.193181818181818	px=-2; pz=1.2	0.2	18
0.095959595959596	0.306818181818182	px=-2; pz=1.7	0.7	18
0.095959595959596	0.420454545454545	px=-2; pz=2.2	1.3	18
0.095959595959596	0.534090909090909	px=-2; pz=2.7	1.3	18
0.095959595959596	0.647727272727273	px=-2; pz=3.2	0.8	18
0.095959595959596	0.761363636363636	px=-2; pz=3.7	0.7	18
0.095959595959596	0.875	px=-2; pz=4.2	1	18
0.196969696969697	0.0795454545454545	px=-1.5; pz=0.7	0.2	18
0.196969696969697	0.193181818181818	px=-1.5; pz=1.2	0.8	18
0.196969696969697	0.306818181818182	px=-1.5; pz=1.7	1.1	18
0.196969696969697	0.420454545454545	px=-1.5; pz=2.2	0.7	18
0.196969696969697	0.534090909090909	px=-1.5; pz=2.7	0.4	18
0.196969696969697	0.647727272727273	px=-1.5; pz=3.2	0.4	18
0.196969696969697	0.761363636363636	px=-1.5; pz=3.7	0.8	18
0.196969696969697	0.875	px=-1.5; pz=4.2	1.4	18
0.297979797979798	0.0795454545454545	px=-1; pz=0.7	0.9	18
0.297979797979798	0.193181818181818	px=-1; pz=1.2	4.1	18
0.297979797979798	0.306818181818182	px=-1; pz=1.7	2.2	18
0.297979797979798	0.420454545454545	px=-1; pz=2.2	1	18
0.297979797979798	0.534090909090909	px=-1; pz=2.7	0.8	18
0.297979797979798	0.647727272727273	px=-1; pz=3.2	0.8	18
0.297979797979798	0.761363636363636	px=-1; pz=3.7	1.5	18
0.297979797979798	0.875	px=-1; pz=4.2	2.2	18
0.398989898989899	0.0795454545454545	px=-0.5; pz=0.7	1.3	18
0.398989898989899	0.193181818181818	px=-0.5; pz=1.2	7.9	18
0.398989898989899	0.306818181818182	px=-0.5; pz=1.7	2.4	18
0.398989898989899	0.420454545454545	px=-0.5; pz=2.2	1.1	18
0.398989898989899	0.534090909090909	px=-0.5; pz=2.7	1	18
0.398989898989899	0.647727272727273	px=-0.5; pz=3.2	1.1	18
0.398989898989899	0.761363636363636	px=-0.5; pz=3.7	1	18
0.398989898989899	0.875	px=-0.5; pz=4.2	1.1	18
0.5	0.0795454545454545	px=0; pz=0.7	0.5	18
0.5	0.193181818181818	px=0; pz=1.2	7.2	18
0.5	0.306818181818182	px=0; pz=1.7	3.1	18
0.5	0.420454545454545	px=0; pz=2.2	1.1	18
0.5	0.534090909090909	px=0; pz=2.7	1	18
0.5	0.647727272727273	px=0; pz=3.2	1	18
0.5	0.761363636363636	px=0; pz=3.7	0.3	18
0.5	0.875	px=0; pz=4.2	0.3	18
0.601010101010101	0.0795454545454545	px=0.5; pz=0.7	0.1	18
0.601010101010101	0.193181818181818	px=0.5; pz=1.2	4.6	18
0.601010101010101	0.306818181818182	px=0.5; pz=1.7	2.8	18
0.601010101010101	0.420454545454545	px=0.5; pz=2.2	1.1	18
0.601010101010101	0.534090909090909	px=0.5; pz=2.7	1	18
0.601010101010101	0.647727272727273	px=0.5; pz=3.2	0.9	18
0.601010101010101	0.761363636363636	px=0.5; pz=3.7	0.3	18
0.601010101010101	0.875	px=0.5; pz=4.2	0.2	18
0.702020202020202	0.0795454545454545	px=1; pz=0.7	0	18
0.702020202020202	0.193181818181818	px=1; pz=1.2	0.4	18
0.702020202020202	0.306818181818182	px=1; pz=1.7	1.8	18
0.702020202020202	0.420454545454545	px=1; pz=2.2	0.6	18
0.702020202020202	0.534090909090909	px=1; pz=2.7	0.5	18
0.702020202020202	0.647727272727273	px=1; pz=3.2	0.6	18
0.702020202020202	0.761363636363636	px=1; pz=3.7	0.5	18
0.702020202020202	0.875	px=1; pz=4.2	0.3	18
0.803030303030303	0.0795454545454545	px=1.5; pz=0.7	0	18
0.803030303030303	0.193181818181818	px=1.5; pz=1.2	0	18
0.803030303030303	0.306818181818182	px=1.5; pz=1.7	0.1	18
0.803030303030303	0.420454545454545	px=1.5; pz=2.2	0.1	18
0.803030303030303	0.534090909090909	px=1.5; pz=2.7	0.1	18
0.803030303030303	0.647727272727273	px=1.5; pz=3.2	0.2	18
0.803030303030303	0.761363636363636	px=1.5; pz=3.7	0.3	18
0.803030303030303	0.875	px=1.5; pz=4.2	0.2	18
0.904040404040404	0.0795454545454545	px=2; pz=0.7	0	18
0.904040404040404	0.193181818181818	px=2; pz=1.2	0	18
0.904040404040404	0.306818181818182	px=2; pz=1.7	0	18
0.904040404040404	0.420454545454545	px=2; pz=2.2	0	18
0.904040404040404	0.534090909090909	px=2; pz=2.7	0	18
0.904040404040404	0.647727272727273	px=2; pz=3.2	0	18
0.904040404040404	0.761363636363636	px=2; pz=3.7	0	18
0.904040404040404	0.875	px=2; pz=4.2	0	18
0.095959595959596	0.0795454545454545	px=-2; pz=0.7	0	19
0.095959595959596	0.193181818181818	px=-2; pz=1.2	0	19
0.095959595959596	0.306818181818182	px=-2; pz=1.7	0	19
0.095959595959596	0.420454545454545	px=-2; pz=2.2	0	19
0.095959595959596	0.534090909090909	px=-2; pz=2.7	0	19
0.095959595959596	0.647727272727273	px=-2; pz=3.2	0	19
0.095959595959596	0.761363636363636	px=-2; pz=3.7	0	19
0.095959595959596	0.875	px=-2; pz=4.2	0	19
0.196969696969697	0.0795454545454545	px=-1.5; pz=0.7	0.2	19
0.196969696969697	0.193181818181818	px=-1.5; pz=1.2	0.7	19
0.196969696969697	0.306818181818182	px=-1.5; pz=1.7	0.5	19
0.196969696969697	0.420454545454545	px=-1.5; pz=2.2	0.2	19
0.196969696969697	0.534090909090909	px=-1.5; pz=2.7	0.2	19
0.196969696969697	0.647727272727273	px=-1.5; pz=3.2	0.1	19
0.196969696969697	0.761363636363636	px=-1.5; pz=3.7	0	19
0.196969696969697	0.875	px=-1.5; pz=4.2	0	19
0.297979797979798	0.0795454545454545	px=-1; pz=0.7	0.5	19
0.297979797979798	0.193181818181818	px=-1; pz=1.2	5.4	19
0.297979797979798	0.306818181818182	px=-1; pz=1.7	2	19
0.297979797979798	0.420454545454545	px=-1; pz=2.2	0.9	19
0.297979797979798	0.534090909090909	px=-1; pz=2.7	0.8	19
0.297979797979798	0.647727272727273	px=-1; pz=3.2	0.6	19
0.297979797979798	0.761363636363636	px=-1; pz=3.7	0.2	19
0.297979797979798	0.875	px=-1; pz=4.2	0	19
0.398989898989899	0.0795454545454545	px=-0.5; pz=0.7	0.2	19
0.398989898989899	0.193181818181818	px=-0.5; pz=1.2	3	19
0.398989898989899	0.306818181818182	px=-0.5; pz=1.7	1.3	19
0.398989898989899	0.420454545454545	px=-0.5; pz=2.2	1	19
0.398989898989899	0.534090909090909	px=-0.5; pz=2.7	1	19
0.398989898989899	0.647727272727273	px=-0.5; pz=3.2	1	19
0.398989898989899	0.761363636363636	px=-0.5; pz=3.7	0.9	19
0.398989898989899	0.875	px=-0.5; pz=4.2	0.1	19
0.5	0.0795454545454545	px=0; pz=0.7	0	19
0.5	0.193181818181818	px=0; pz=1.2	1.5	19
0.5	0.306818181818182	px=0; pz=1.7	1.5	19
0.5	0.420454545454545	px=0; pz=2.2	1	19
0.5	0.534090909090909	px=0; pz=2.7	1	19
0.5	0.647727272727273	px=0; pz=3.2	1	19
0.5	0.761363636363636	px=0; pz=3.7	0.7	19
0.5	0.875	px=0; pz=4.2	0.1	19
0.601010101010101	0.0795454545454545	px=0.5; pz=0.7	0	19
0.601010101010101	0.193181818181818	px=0.5; pz=1.2	1.6	19
0.601010101010101	0.306818181818182	px=0.5; pz=1.7	2.5	19
0.601010101010101	0.420454545454545	px=0.5; pz=2.2	1	19
0.601010101010101	0.534090909090909	px=0.5; pz=2.7	1	19
0.601010101010101	0.647727272727273	px=0.5; pz=3.2	0.9	19
0.601010101010101	0.761363636363636	px=0.5; pz=3.7	0.4	19
0.601010101010101	0.875	px=0.5; pz=4.2	0.2	19
0.702020202020202	0.0795454545454545	px=1; pz=0.7	0	19
0.702020202020202	0.193181818181818	px=1; pz=1.2	0.7	19
0.702020202020202	0.306818181818182	px=1; pz=1.7	0.8	19
0.702020202020202	0.420454545454545	px=1; pz=2.2	0.3	19
0.702020202020202	0.534090909090909	px=1; pz=2.7	0.7	19
0.702020202020202	0.647727272727273	px=1; pz=3.2	0.9	19
0.702020202020202	0.761363636363636	px=1; pz=3.7	0.6	19
0.702020202020202	0.875	px=1; pz=4.2	0.4	19
0.803030303030303	0.0795454545454545	px=1.5; pz=0.7	0	19
0.803030303030303	0.193181818181818	px=1.5; pz=1.2	0.2	19
0.803030303030303	0.306818181818182	px=1.5; pz=1.7	0.1	19
0.803030303030303	0.420454545454545	px=1.5; pz=2.2	0.1	19
0.803030303030303	0.534090909090909	px=1.5; pz=2.7	0.4	19
0.803030303030303	0.647727272727273	px=1.5; pz=3.2	0.9	19
0.803030303030303	0.761363636363636	px=1.5; pz=3.7	0.9	19
0.803030303030303	0.875	px=1.5; pz=4.2	0.8	19
0.904040404040404	0.0795454545454545	px=2; pz=0.7	0	19
0.904040404040404	0.193181818181818	px=2; pz=1.2	0.1	19
0.904040404040404	0.306818181818182	px=2; pz=1.7	0.1	19
0.904040404040404	0.420454545454545	px=2; pz=2.2	0.1	19
0.904040404040404	0.534090909090909	px=2; pz=2.7	0.1	19
0.904040404040404	0.647727272727273	px=2; pz=3.2	0.4	19
0.904040404040404	0.761363636363636	px=2; pz=3.7	0.6	19
0.904040404040404	0.875	px=2; pz=4.2	0.8	19
0.095959595959596	0.0795454545454545	px=-2; pz=0.7	374.8	20
0.095959595959596	0.193181818181818	px=-2; pz=1.2	152.5	20
0.095959595959596	0.306818181818182	px=-2; pz=1.7	43.4	20
0.095959595959596	0.420454545454545	px=-2; pz=2.2	16.9	20
0.095959595959596	0.534090909090909	px=-2; pz=2.7	7	20
0.095959595959596	0.647727272727273	px=-2; pz=3.2	2	20
0.095959595959596	0.761363636363636	px=-2; pz=3.7	0.5	20
0.095959595959596	0.875	px=-2; pz=4.2	0.2	20
0.196969696969697	0.0795454545454545	px=-1.5; pz=0.7	131.1	20
0.196969696969697	0.193181818181818	px=-1.5; pz=1.2	32.6	20
0.196969696969697	0.306818181818182	px=-1.5; pz=1.7	4.3	20
0.196969696969697	0.420454545454545	px=-1.5; pz=2.2	1.3	20
0.196969696969697	0.534090909090909	px=-1.5; pz=2.7	0.7	20
0.196969696969697	0.647727272727273	px=-1.5; pz=3.2	0.4	20
0.196969696969697	0.761363636363636	px=-1.5; pz=3.7	0.2	20
0.196969696969697	0.875	px=-1.5; pz=4.2	0.1	20
0.297979797979798	0.0795454545454545	px=-1; pz=0.7	61.4	20
0.297979797979798	0.193181818181818	px=-1; pz=1.2	15.3	20
0.297979797979798	0.306818181818182	px=-1; pz=1.7	2.1	20
0.297979797979798	0.420454545454545	px=-1; pz=2.2	1.3	20
0.297979797979798	0.534090909090909	px=-1; pz=2.7	1	20
0.297979797979798	0.647727272727273	px=-1; pz=3.2	0.7	20
0.297979797979798	0.761363636363636	px=-1; pz=3.7	0.4	20
0.297979797979798	0.875	px=-1; pz=4.2	0.2	20
0.398989898989899	0.0795454545454545	px=-0.5; pz=0.7	19.9	20
0.398989898989899	0.193181818181818	px=-0.5; pz=1.2	11.5	20
0.398989898989899	0.306818181818182	px=-0.5; pz=1.7	1.7	20
0.398989898989899	0.420454545454545	px=-0.5; pz=2.2	1	20
0.398989898989899	0.534090909090909	px=-0.5; pz=2.7	1	20
0.398989898989899	0.647727272727273	px=-0.5; pz=3.2	1	20
0.398989898989899	0.761363636363636	px=-0.5; pz=3.7	0.7	20
0.398989898989899	0.875	px=-0.5; pz=4.2	0.3	20
0.5	0.0795454545454545	px=0; pz=0.7	3.2	20
0.5	0.193181818181818	px=0; pz=1.2	6.7	20
0.5	0.306818181818182	px=0; pz=1.7	1.3	20
0.5	0.420454545454545	px=0; pz=2.2	1	20
0.5	0.534090909090909	px=0; pz=2.7	1	20
0.5	0.647727272727273	px=0; pz=3.2	1	20
0.5	0.761363636363636	px=0; pz=3.7	0.7	20
0.5	0.875	px=0; pz=4.2	0.3	20
0.601010101010101	0.0795454545454545	px=0.5; pz=0.7	0.4	20
0.601010101010101	0.193181818181818	px=0.5; pz=1.2	2.7	20
0.601010101010101	0.306818181818182	px=0.5; pz=1.7	1.5	20
0.601010101010101	0.420454545454545	px=0.5; pz=2.2	1	20
0.601010101010101	0.534090909090909	px=0.5; pz=2.7	1	20
0.601010101010101	0.647727272727273	px=0.5; pz=3.2	1	20
0.601010101010101	0.761363636363636	px=0.5; pz=3.7	0.6	20
0.601010101010101	0.875	px=0.5; pz=4.2	0.2	20
0.702020202020202	0.0795454545454545	px=1; pz=0.7	0	20
0.702020202020202	0.193181818181818	px=1; pz=1.2	0.4	20
0.702020202020202	0.306818181818182	px=1; pz=1.7	1.4	20
0.702020202020202	0.420454545454545	px=1; pz=2.2	0.8	20
0.702020202020202	0.534090909090909	px=1; pz=2.7	0.6	20
0.702020202020202	0.647727272727273	px=1; pz=3.2	0.5	20
0.702020202020202	0.761363636363636	px=1; pz=3.7	0.2	20
0.702020202020202	0.875	px=1; pz=4.2	0.1	20
0.803030303030303	0.0795454545454545	px=1.5; pz=0.7	0	20
0.803030303030303	0.193181818181818	px=1.5; pz=1.2	0	20
0.803030303030303	0.306818181818182	px=1.5; pz=1.7	0.1	20
0.803030303030303	0.420454545454545	px=1.5; pz=2.2	0.1	20
0.803030303030303	0.534090909090909	px=1.5; pz=2.7	0	20
0.803030303030303	0.647727272727273	px=1.5; pz=3.2	0	20
0.803030303030303	0.761363636363636	px=1.5; pz=3.7	0	20
0.803030303030303	0.875	px=1.5; pz=4.2	0	20
0.904040404040404	0.0795454545454545	px=2; pz=0.7	0	20
0.904040404040404	0.193181818181818	px=2; pz=1.2	0	20
0.904040404040404	0.306818181818182	px=2; pz=1.7	0	20
0.904040404040404	0.420454545454545	px=2; pz=2.2	0	20
0.904040404040404	0.534090909090909	px=2; pz=2.7	0	20
0.904040404040404	0.647727272727273	px=2; pz=3.2	0	20
0.904040404040404	0.761363636363636	px=2; pz=3.7	0	20
0.904040404040404	0.875	px=2; pz=4.2	0	20
0.095959595959596	0.0795454545454545	px=-2; pz=0.7	0.2	21
0.095959595959596	0.193181818181818	px=-2; pz=1.2	0.4	21
0.095959595959596	0.306818181818182	px=-2; pz=1.7	0.4	21
0.095959595959596	0.420454545454545	px=-2; pz=2.2	0.3	21
0.095959595959596	0.534090909090909	px=-2; pz=2.7	0.2	21
0.095959595959596	0.647727272727273	px=-2; pz=3.2	0.1	21
0.095959595959596	0.761363636363636	px=-2; pz=3.7	0	21
0.095959595959596	0.875	px=-2; pz=4.2	0	21
0.196969696969697	0.0795454545454545	px=-1.5; pz=0.7	0.3	21
0.196969696969697	0.193181818181818	px=-1.5; pz=1.2	0.9	21
0.196969696969697	0.306818181818182	px=-1.5; pz=1.7	1.1	21
0.196969696969697	0.420454545454545	px=-1.5; pz=2.2	0.4	21
0.196969696969697	0.534090909090909	px=-1.5; pz=2.7	0.3	21
0.196969696969697	0.647727272727273	px=-1.5; pz=3.2	0.4	21
0.196969696969697	0.761363636363636	px=-1.5; pz=3.7	0.1	21
0.196969696969697	0.875	px=-1.5; pz=4.2	0	21
0.297979797979798	0.0795454545454545	px=-1; pz=0.7	0.6	21
0.297979797979798	0.193181818181818	px=-1; pz=1.2	2.9	21
0.297979797979798	0.306818181818182	px=-1; pz=1.7	2.1	21
0.297979797979798	0.420454545454545	px=-1; pz=2.2	0.9	21
0.297979797979798	0.534090909090909	px=-1; pz=2.7	0.8	21
0.297979797979798	0.647727272727273	px=-1; pz=3.2	0.6	21
0.297979797979798	0.761363636363636	px=-1; pz=3.7	0.5	21
0.297979797979798	0.875	px=-1; pz=4.2	0.1	21
0.398989898989899	0.0795454545454545	px=-0.5; pz=0.7	1.4	21
0.398989898989899	0.193181818181818	px=-0.5; pz=1.2	5.9	21
0.398989898989899	0.306818181818182	px=-0.5; pz=1.7	1.6	21
0.398989898989899	0.420454545454545	px=-0.5; pz=2.2	1	21
0.398989898989899	0.534090909090909	px=-0.5; pz=2.7	1	21
0.398989898989899	0.647727272727273	px=-0.5; pz=3.2	0.9	21
0.398989898989899	0.761363636363636	px=-0.5; pz=3.7	1.1	21
0.398989898989899	0.875	px=-0.5; pz=4.2	0.4	21
0.5	0.0795454545454545	px=0; pz=0.7	2.8	21
0.5	0.193181818181818	px=0; pz=1.2	8.7	21
0.5	0.306818181818182	px=0; pz=1.7	2.1	21
0.5	0.420454545454545	px=0; pz=2.2	1	21
0.5	0.534090909090909	px=0; pz=2.7	1	21
0.5	0.647727272727273	px=0; pz=3.2	1	21
0.5	0.761363636363636	px=0; pz=3.7	1.7	21
0.5	0.875	px=0; pz=4.2	1	21
0.601010101010101	0.0795454545454545	px=0.5; pz=0.7	2.4	21
0.601010101010101	0.193181818181818	px=0.5; pz=1.2	4.6	21
0.601010101010101	0.306818181818182	px=0.5; pz=1.7	2.9	21
0.601010101010101	0.420454545454545	px=0.5; pz=2.2	1.2	21
0.601010101010101	0.534090909090909	px=0.5; pz=2.7	1.1	21
0.601010101010101	0.647727272727273	px=0.5; pz=3.2	1	21
0.601010101010101	0.761363636363636	px=0.5; pz=3.7	1.5	21
0.601010101010101	0.875	px=0.5; pz=4.2	0.7	21
0.702020202020202	0.0795454545454545	px=1; pz=0.7	0.5	21
0.702020202020202	0.193181818181818	px=1; pz=1.2	0.5	21
0.702020202020202	0.306818181818182	px=1; pz=1.7	0.4	21
0.702020202020202	0.420454545454545	px=1; pz=2.2	0.5	21
0.702020202020202	0.534090909090909	px=1; pz=2.7	0.4	21
0.702020202020202	0.647727272727273	px=1; pz=3.2	0.3	21
0.702020202020202	0.761363636363636	px=1; pz=3.7	0.5	21
0.702020202020202	0.875	px=1; pz=4.2	0.2	21
0.803030303030303	0.0795454545454545	px=1.5; pz=0.7	0.1	21
0.803030303030303	0.193181818181818	px=1.5; pz=1.2	0.1	21
0.803030303030303	0.306818181818182	px=1.5; pz=1.7	0.1	21
0.803030303030303	0.420454545454545	px=1.5; pz=2.2	0.1	21
0.803030303030303	0.534090909090909	px=1.5; pz=2.7	0.1	21
0.803030303030303	0.647727272727273	px=1.5; pz=3.2	0.1	21
0.803030303030303	0.761363636363636	px=1.5; pz=3.7	0.1	21
0.803030303030303	0.875	px=1.5; pz=4.2	0	21
0.904040404040404	0.0795454545454545	px=2; pz=0.7	0	21
0.904040404040404	0.193181818181818	px=2; pz=1.2	0	21
0.904040404040404	0.306818181818182	px=2; pz=1.7	0	21
0.904040404040404	0.420454545454545	px=2; pz=2.2	0.1	21
0.904040404040404	0.534090909090909	px=2; pz=2.7	0.1	21
0.904040404040404	0.647727272727273	px=2; pz=3.2	0	21
0.904040404040404	0.761363636363636	px=2; pz=3.7	0	21
0.904040404040404	0.875	px=2; pz=4.2	0	21
0.095959595959596	0.0795454545454545	px=-2; pz=0.7	0.1	22
0.095959595959596	0.193181818181818	px=-2; pz=1.2	0.1	22
0.095959595959596	0.306818181818182	px=-2; pz=1.7	0.1	22
0.095959595959596	0.420454545454545	px=-2; pz=2.2	0.1	22
0.095959595959596	0.534090909090909	px=-2; pz=2.7	0	22
0.095959595959596	0.647727272727273	px=-2; pz=3.2	0	22
0.095959595959596	0.761363636363636	px=-2; pz=3.7	0	22
0.095959595959596	0.875	px=-2; pz=4.2	0	22
0.196969696969697	0.0795454545454545	px=-1.5; pz=0.7	0.1	22
0.196969696969697	0.193181818181818	px=-1.5; pz=1.2	0.5	22
0.196969696969697	0.306818181818182	px=-1.5; pz=1.7	0.6	22
0.196969696969697	0.420454545454545	px=-1.5; pz=2.2	0.3	22
0.196969696969697	0.534090909090909	px=-1.5; pz=2.7	0.1	22
0.196969696969697	0.647727272727273	px=-1.5; pz=3.2	0	22
0.196969696969697	0.761363636363636	px=-1.5; pz=3.7	0	22
0.196969696969697	0.875	px=-1.5; pz=4.2	0	22
0.297979797979798	0.0795454545454545	px=-1; pz=0.7	0.2	22
0.297979797979798	0.193181818181818	px=-1; pz=1.2	1.4	22
0.297979797979798	0.306818181818182	px=-1; pz=1.7	2.2	22
0.297979797979798	0.420454545454545	px=-1; pz=2.2	1.3	22
0.297979797979798	0.534090909090909	px=-1; pz=2.7	1.1	22
0.297979797979798	0.647727272727273	px=-1; pz=3.2	0.4	22
0.297979797979798	0.761363636363636	px=-1; pz=3.7	0.1	22
0.297979797979798	0.875	px=-1; pz=4.2	0	22
0.398989898989899	0.0795454545454545	px=-0.5; pz=0.7	0.1	22
0.398989898989899	0.193181818181818	px=-0.5; pz=1.2	2.6	22
0.398989898989899	0.306818181818182	px=-0.5; pz=1.7	2.5	22
0.398989898989899	0.420454545454545	px=-0.5; pz=2.2	1	22
0.398989898989899	0.534090909090909	px=-0.5; pz=2.7	1	22
0.398989898989899	0.647727272727273	px=-0.5; pz=3.2	1.1	22
0.398989898989899	0.761363636363636	px=-0.5; pz=3.7	0.3	22
0.398989898989899	0.875	px=-0.5; pz=4.2	0	22
0.5	0.0795454545454545	px=0; pz=0.7	0.1	22
0.5	0.193181818181818	px=0; pz=1.2	3	22
0.5	0.306818181818182	px=0; pz=1.7	2	22
0.5	0.420454545454545	px=0; pz=2.2	1	22
0.5	0.534090909090909	px=0; pz=2.7	1	22
0.5	0.647727272727273	px=0; pz=3.2	1	22
0.5	0.761363636363636	px=0; pz=3.7	0.5	22
0.5	0.875	px=0; pz=4.2	0.1	22
0.601010101010101	0.0795454545454545	px=0.5; pz=0.7	0.1	22
0.601010101010101	0.193181818181818	px=0.5; pz=1.2	2	22
0.601010101010101	0.306818181818182	px=0.5; pz=1.7	1.9	22
0.601010101010101	0.420454545454545	px=0.5; pz=2.2	1	22
0.601010101010101	0.534090909090909	px=0.5; pz=2.7	1	22
0.601010101010101	0.647727272727273	px=0.5; pz=3.2	1.1	22
0.601010101010101	0.761363636363636	px=0.5; pz=3.7	0.6	22
0.601010101010101	0.875	px=0.5; pz=4.2	0.1	22
0.702020202020202	0.0795454545454545	px=1; pz=0.7	0	22
0.702020202020202	0.193181818181818	px=1; pz=1.2	0.9	22
0.702020202020202	0.306818181818182	px=1; pz=1.7	1.5	22
0.702020202020202	0.420454545454545	px=1; pz=2.2	0.7	22
0.702020202020202	0.534090909090909	px=1; pz=2.7	0.6	22
0.702020202020202	0.647727272727273	px=1; pz=3.2	0.8	22
0.702020202020202	0.761363636363636	px=1; pz=3.7	0.5	22
0.702020202020202	0.875	px=1; pz=4.2	0.1	22
0.803030303030303	0.0795454545454545	px=1.5; pz=0.7	0	22
0.803030303030303	0.193181818181818	px=1.5; pz=1.2	0.2	22
0.803030303030303	0.306818181818182	px=1.5; pz=1.7	0.2	22
0.803030303030303	0.420454545454545	px=1.5; pz=2.2	0.1	22
0.803030303030303	0.534090909090909	px=1.5; pz=2.7	0.1	22
0.803030303030303	0.647727272727273	px=1.5; pz=3.2	0.1	22
0.803030303030303	0.761363636363636	px=1.5; pz=3.7	0.2	22
0.803030303030303	0.875	px=1.5; pz=4.2	0.1	22
0.904040404040404	0.0795454545454545	px=2; pz=0.7	0	22
0.904040404040404	0.193181818181818	px=2; pz=1.2	0	22
0.904040404040404	0.306818181818182	px=2; pz=1.7	0	22
0.904040404040404	0.420454545454545	px=2; pz=2.2	0	22
0.904040404040404	0.534090909090909	px=2; pz=2.7	0	22
0.904040404040404	0.647727272727273	px=2; pz=3.2	0	22
0.904040404040404	0.761363636363636	px=2; pz=3.7	0	22
0.904040404040404	0.875	px=2; pz=4.2	0	22
0.095959595959596	0.0795454545454545	px=-2; pz=0.7	0.2	23
0.095959595959596	0.193181818181818	px=-2; pz=1.2	1.5	23
0.095959595959596	0.306818181818182	px=-2; pz=1.7	5	23
0.095959595959596	0.420454545454545	px=-2; pz=2.2	3.4	23
0.095959595959596	0.534090909090909	px=-2; pz=2.7	1.5	23
0.095959595959596	0.647727272727273	px=-2; pz=3.2	1.1	23
0.095959595959596	0.761363636363636	px=-2; pz=3.7	1.4	23
0.095959595959596	0.875	px=-2; pz=4.2	1.7	23
0.196969696969697	0.0795454545454545	px=-1.5; pz=0.7	0	23
0.196969696969697	0.193181818181818	px=-1.5; pz=1.2	0.3	23
0.196969696969697	0.306818181818182	px=-1.5; pz=1.7	1.2	23
0.196969696969697	0.420454545454545	px=-1.5; pz=2.2	0.4	23
0.196969696969697	0.534090909090909	px=-1.5; pz=2.7	0.2	23
0.196969696969697	0.647727272727273	px=-1.5; pz=3.2	0.4	23
0.196969696969697	0.761363636363636	px=-1.5; pz=3.7	0.9	23
0.196969696969697	0.875	px=-1.5; pz=4.2	2.1	23
0.297979797979798	0.0795454545454545	px=-1; pz=0.7	0	23
0.297979797979798	0.193181818181818	px=-1; pz=1.2	0.5	23
0.297979797979798	0.306818181818182	px=-1; pz=1.7	1.8	23
0.297979797979798	0.420454545454545	px=-1; pz=2.2	0.8	23
0.297979797979798	0.534090909090909	px=-1; pz=2.7	0.7	23
0.297979797979798	0.647727272727273	px=-1; pz=3.2	0.6	23
0.297979797979798	0.761363636363636	px=-1; pz=3.7	0.8	23
0.297979797979798	0.875	px=-1; pz=4.2	2.1	23
0.398989898989899	0.0795454545454545	px=-0.5; pz=0.7	0	23
0.398989898989899	0.193181818181818	px=-0.5; pz=1.2	2.3	23
0.398989898989899	0.306818181818182	px=-0.5; pz=1.7	2.5	23
0.398989898989899	0.420454545454545	px=-0.5; pz=2.2	1	23
0.398989898989899	0.534090909090909	px=-0.5; pz=2.7	1	23
0.398989898989899	0.647727272727273	px=-0.5; pz=3.2	1.1	23
0.398989898989899	0.761363636363636	px=-0.5; pz=3.7	0.7	23
0.398989898989899	0.875	px=-0.5; pz=4.2	0.7	23
0.5	0.0795454545454545	px=0; pz=0.7	0	23
0.5	0.193181818181818	px=0; pz=1.2	2.5	23
0.5	0.306818181818182	px=0; pz=1.7	3.4	23
0.5	0.420454545454545	px=0; pz=2.2	1.1	23
0.5	0.534090909090909	px=0; pz=2.7	1	23
0.5	0.647727272727273	px=0; pz=3.2	1.1	23
0.5	0.761363636363636	px=0; pz=3.7	0.8	23
0.5	0.875	px=0; pz=4.2	0.2	23
0.601010101010101	0.0795454545454545	px=0.5; pz=0.7	0	23
0.601010101010101	0.193181818181818	px=0.5; pz=1.2	0.5	23
0.601010101010101	0.306818181818182	px=0.5; pz=1.7	2.9	23
0.601010101010101	0.420454545454545	px=0.5; pz=2.2	1.2	23
0.601010101010101	0.534090909090909	px=0.5; pz=2.7	1	23
0.601010101010101	0.647727272727273	px=0.5; pz=3.2	1.3	23
0.601010101010101	0.761363636363636	px=0.5; pz=3.7	1.1	23
0.601010101010101	0.875	px=0.5; pz=4.2	0	23
0.702020202020202	0.0795454545454545	px=1; pz=0.7	0	23
0.702020202020202	0.193181818181818	px=1; pz=1.2	0.1	23
0.702020202020202	0.306818181818182	px=1; pz=1.7	1.4	23
0.702020202020202	0.420454545454545	px=1; pz=2.2	1	23
0.702020202020202	0.534090909090909	px=1; pz=2.7	0.4	23
0.702020202020202	0.647727272727273	px=1; pz=3.2	1.4	23
0.702020202020202	0.761363636363636	px=1; pz=3.7	0.7	23
0.702020202020202	0.875	px=1; pz=4.2	0	23
0.803030303030303	0.0795454545454545	px=1.5; pz=0.7	0	23
0.803030303030303	0.193181818181818	px=1.5; pz=1.2	0	23
0.803030303030303	0.306818181818182	px=1.5; pz=1.7	0.2	23
0.803030303030303	0.420454545454545	px=1.5; pz=2.2	0.1	23
0.803030303030303	0.534090909090909	px=1.5; pz=2.7	0.1	23
0.803030303030303	0.647727272727273	px=1.5; pz=3.2	0.2	23
0.803030303030303	0.761363636363636	px=1.5; pz=3.7	0	23
0.803030303030303	0.875	px=1.5; pz=4.2	0	23
0.904040404040404	0.0795454545454545	px=2; pz=0.7	0	23
0.904040404040404	0.193181818181818	px=2; pz=1.2	0	23
0.904040404040404	0.306818181818182	px=2; pz=1.7	0	23
0.904040404040404	0.420454545454545	px=2; pz=2.2	0	23
0.904040404040404	0.534090909090909	px=2; pz=2.7	0	23
0.904040404040404	0.647727272727273	px=2; pz=3.2	0	23
0.904040404040404	0.761363636363636	px=2; pz=3.7	0	23
0.904040404040404	0.875	px=2; pz=4.2	0	23
0.095959595959596	0.0795454545454545	px=-2; pz=0.7	0.1	24
0.095959595959596	0.193181818181818	px=-2; pz=1.2	0.1	24
0.095959595959596	0.306818181818182	px=-2; pz=1.7	0.1	24
0.095959595959596	0.420454545454545	px=-2; pz=2.2	0.4	24
0.095959595959596	0.534090909090909	px=-2; pz=2.7	2.2	24
0.095959595959596	0.647727272727273	px=-2; pz=3.2	6.4	24
0.095959595959596	0.761363636363636	px=-2; pz=3.7	12.5	24
0.095959595959596	0.875	px=-2; pz=4.2	32.4	24
0.196969696969697	0.0795454545454545	px=-1.5; pz=0.7	0.9	24
0.196969696969697	0.193181818181818	px=-1.5; pz=1.2	0.6	24
0.196969696969697	0.306818181818182	px=-1.5; pz=1.7	0.4	24
0.196969696969697	0.420454545454545	px=-1.5; pz=2.2	0.5	24
0.196969696969697	0.534090909090909	px=-1.5; pz=2.7	0.9	24
0.196969696969697	0.647727272727273	px=-1.5; pz=3.2	2.2	24
0.196969696969697	0.761363636363636	px=-1.5; pz=3.7	6.6	24
0.196969696969697	0.875	px=-1.5; pz=4.2	28	24
0.297979797979798	0.0795454545454545	px=-1; pz=0.7	6.8	24
0.297979797979798	0.193181818181818	px=-1; pz=1.2	5.2	24
0.297979797979798	0.306818181818182	px=-1; pz=1.7	2.3	24
0.297979797979798	0.420454545454545	px=-1; pz=2.2	1	24
0.297979797979798	0.534090909090909	px=-1; pz=2.7	0.7	24
0.297979797979798	0.647727272727273	px=-1; pz=3.2	0.8	24
0.297979797979798	0.761363636363636	px=-1; pz=3.7	3.2	24
0.297979797979798	0.875	px=-1; pz=4.2	19.8	24
0.398989898989899	0.0795454545454545	px=-0.5; pz=0.7	11.4	24
0.398989898989899	0.193181818181818	px=-0.5; pz=1.2	9.5	24
0.398989898989899	0.306818181818182	px=-0.5; pz=1.7	2.7	24
0.398989898989899	0.420454545454545	px=-0.5; pz=2.2	1.1	24
0.398989898989899	0.534090909090909	px=-0.5; pz=2.7	1	24
0.398989898989899	0.647727272727273	px=-0.5; pz=3.2	1	24
0.398989898989899	0.761363636363636	px=-0.5; pz=3.7	2.2	24
0.398989898989899	0.875	px=-0.5; pz=4.2	9.4	24
0.5	0.0795454545454545	px=0; pz=0.7	6.8	24
0.5	0.193181818181818	px=0; pz=1.2	6.7	24
0.5	0.306818181818182	px=0; pz=1.7	2.3	24
0.5	0.420454545454545	px=0; pz=2.2	1	24
0.5	0.534090909090909	px=0; pz=2.7	1	24
0.5	0.647727272727273	px=0; pz=3.2	1	24
0.5	0.761363636363636	px=0; pz=3.7	1.3	24
0.5	0.875	px=0; pz=4.2	2.7	24
0.601010101010101	0.0795454545454545	px=0.5; pz=0.7	4	24
0.601010101010101	0.193181818181818	px=0.5; pz=1.2	5.9	24
0.601010101010101	0.306818181818182	px=0.5; pz=1.7	2	24
0.601010101010101	0.420454545454545	px=0.5; pz=2.2	1	24
0.601010101010101	0.534090909090909	px=0.5; pz=2.7	1	24
0.601010101010101	0.647727272727273	px=0.5; pz=3.2	1.1	24
0.601010101010101	0.761363636363636	px=0.5; pz=3.7	0.8	24
0.601010101010101	0.875	px=0.5; pz=4.2	0.8	24
0.702020202020202	0.0795454545454545	px=1; pz=0.7	1.8	24
0.702020202020202	0.193181818181818	px=1; pz=1.2	2.5	24
0.702020202020202	0.306818181818182	px=1; pz=1.7	1.4	24
0.702020202020202	0.420454545454545	px=1; pz=2.2	0.6	24
0.702020202020202	0.534090909090909	px=1; pz=2.7	0.9	24
0.702020202020202	0.647727272727273	px=1; pz=3.2	1.2	24
0.702020202020202	0.761363636363636	px=1; pz=3.7	0.6	24
0.702020202020202	0.875	px=1; pz=4.2	0.4	24
0.803030303030303	0.0795454545454545	px=1.5; pz=0.7	0.5	24
0.803030303030303	0.193181818181818	px=1.5; pz=1.2	0.4	24
0.803030303030303	0.306818181818182	px=1.5; pz=1.7	0.2	24
0.803030303030303	0.420454545454545	px=1.5; pz=2.2	0.1	24
0.803030303030303	0.534090909090909	px=1.5; pz=2.7	0.3	24
0.803030303030303	0.647727272727273	px=1.5; pz=3.2	0.6	24
0.803030303030303	0.761363636363636	px=1.5; pz=3.7	0.4	24
0.803030303030303	0.875	px=1.5; pz=4.2	0.3	24
0.904040404040404	0.0795454545454545	px=2; pz=0.7	0.1	24
0.904040404040404	0.193181818181818	px=2; pz=1.2	0.1	24
0.904040404040404	0.306818181818182	px=2; pz=1.7	0	24
0.904040404040404	0.420454545454545	px=2; pz=2.2	0	24
0.904040404040404	0.534090909090909	px=2; pz=2.7	0.1	24
0.904040404040404	0.647727272727273	px=2; pz=3.2	0.2	24
0.904040404040404	0.761363636363636	px=2; pz=3.7	0.2	24
0.904040404040404	0.875	px=2; pz=4.2	0.2	24
